-- phpMyAdmin SQL Dump
-- version 5.2.1
-- https://www.phpmyadmin.net/
--
-- Host: localhost
-- Generation Time: Jan 01, 2026 at 12:48 PM
-- Server version: 10.4.28-MariaDB
-- PHP Version: 8.2.4

SET SQL_MODE = "NO_AUTO_VALUE_ON_ZERO";
START TRANSACTION;
SET time_zone = "+00:00";


/*!40101 SET @OLD_CHARACTER_SET_CLIENT=@@CHARACTER_SET_CLIENT */;
/*!40101 SET @OLD_CHARACTER_SET_RESULTS=@@CHARACTER_SET_RESULTS */;
/*!40101 SET @OLD_COLLATION_CONNECTION=@@COLLATION_CONNECTION */;
/*!40101 SET NAMES utf8mb4 */;

--
-- Database: `school`
--

-- --------------------------------------------------------

--
-- Table structure for table `classes`
--

CREATE TABLE `classes` (
  `class_id` int(11) NOT NULL,
  `class_name` varchar(50) NOT NULL,
  `year` int(11) NOT NULL,
  `class_teacher_id` int(11) DEFAULT NULL
) ENGINE=InnoDB DEFAULT CHARSET=utf8mb4 COLLATE=utf8mb4_unicode_ci;

--
-- Dumping data for table `classes`
--

INSERT INTO `classes` (`class_id`, `class_name`, `year`, `class_teacher_id`) VALUES
(1, '1 USM', 2025, 22),
(2, '1 UPM', 2025, 24),
(3, '1 UKM', 2025, 26),
(4, '2 USM', 2025, 28),
(5, '2 UPM', 2025, 30),
(6, '2 UKM', 2025, 32),
(7, '3 USM', 2025, 34),
(8, '3 UPM', 2025, 36),
(9, '3 UKM', 2025, 38),
(10, '4 USM', 2025, 28),
(11, '4 UPM', 2025, 40),
(12, '4 UKM', 2025, 42),
(13, '5 USM', 2025, 28),
(14, '5 UPM', 2025, 45),
(15, '6 USM', 2025, 47),
(16, '6 UPM', 2025, 49);

-- --------------------------------------------------------

--
-- Table structure for table `exam_types`
--

CREATE TABLE `exam_types` (
  `exam_id` int(11) NOT NULL,
  `exam_name` varchar(100) NOT NULL,
  `max_marks` int(11) DEFAULT 100,
  `status` enum('active','inactive') DEFAULT 'active',
  `created_at` timestamp NOT NULL DEFAULT current_timestamp()
) ENGINE=InnoDB DEFAULT CHARSET=utf8mb4 COLLATE=utf8mb4_general_ci;

-- --------------------------------------------------------

--
-- Table structure for table `notices`
--

CREATE TABLE `notices` (
  `notice_id` int(11) NOT NULL,
  `title` varchar(100) NOT NULL,
  `message` text NOT NULL,
  `type` enum('info','alert','event') DEFAULT 'info',
  `audience` enum('all','admin','class_teacher','subject_teacher') DEFAULT 'all',
  `event_date` date DEFAULT NULL,
  `created_by` int(11) DEFAULT NULL,
  `created_at` timestamp NULL DEFAULT current_timestamp()
) ENGINE=InnoDB DEFAULT CHARSET=utf8mb4 COLLATE=utf8mb4_unicode_ci;

-- --------------------------------------------------------

--
-- Table structure for table `settings`
--

CREATE TABLE `settings` (
  `setting_id` int(11) NOT NULL,
  `setting_key` varchar(50) NOT NULL,
  `setting_value` text DEFAULT NULL
) ENGINE=InnoDB DEFAULT CHARSET=utf8mb4 COLLATE=utf8mb4_general_ci;

--
-- Dumping data for table `settings`
--

INSERT INTO `settings` (`setting_id`, `setting_key`, `setting_value`) VALUES
(1, 'school_name', 'SIRAJ Al Alusi'),
(2, 'school_address', 'Jalan 1/2, Kuala Lumpur, Malaysia'),
(3, 'school_phone', '+60 3-1234 5678'),
(4, 'current_year', '2025'),
(5, 'current_term', 'Midterm');

-- --------------------------------------------------------

--
-- Table structure for table `students`
--

CREATE TABLE `students` (
  `student_id` int(11) NOT NULL,
  `school_register_no` varchar(50) DEFAULT NULL,
  `enrollment_date` date DEFAULT NULL,
  `previous_school` varchar(255) DEFAULT NULL,
  `student_name` varchar(100) NOT NULL,
  `gender` varchar(20) DEFAULT NULL,
  `sports_house` varchar(50) DEFAULT NULL,
  `birth_cert_no` varchar(50) DEFAULT NULL,
  `birth_place` varchar(100) DEFAULT NULL,
  `ic_no` varchar(50) DEFAULT NULL,
  `birthdate` date DEFAULT NULL,
  `race` varchar(50) DEFAULT NULL,
  `religion` varchar(50) DEFAULT NULL,
  `nationality` varchar(50) DEFAULT NULL,
  `address` text DEFAULT NULL,
  `father_name` varchar(255) DEFAULT NULL,
  `father_ic` varchar(20) DEFAULT NULL,
  `father_phone` varchar(20) DEFAULT NULL,
  `father_job` varchar(100) DEFAULT NULL,
  `father_salary` decimal(10,2) DEFAULT NULL,
  `mother_name` varchar(255) DEFAULT NULL,
  `mother_ic` varchar(20) DEFAULT NULL,
  `mother_phone` varchar(20) DEFAULT NULL,
  `mother_job` varchar(100) DEFAULT NULL,
  `mother_salary` decimal(10,2) DEFAULT NULL,
  `guardian_name` varchar(255) DEFAULT NULL,
  `guardian_ic` varchar(20) DEFAULT NULL,
  `guardian_phone` varchar(20) DEFAULT NULL,
  `guardian_job` varchar(100) DEFAULT NULL,
  `guardian_salary` decimal(10,2) DEFAULT NULL,
  `is_baitulmal_recipient` varchar(10) DEFAULT NULL,
  `is_orphan` varchar(10) DEFAULT NULL,
  `parents_marital_status` varchar(50) DEFAULT NULL,
  `uniform_unit` varchar(100) DEFAULT NULL,
  `uniform_position` varchar(100) DEFAULT NULL,
  `club_association` varchar(100) DEFAULT NULL,
  `club_position` varchar(100) DEFAULT NULL,
  `sports_game` varchar(100) DEFAULT NULL,
  `sports_position` varchar(100) DEFAULT NULL,
  `phone` varchar(30) DEFAULT NULL,
  `class_id` int(11) DEFAULT NULL,
  `photo` varchar(255) DEFAULT NULL
) ENGINE=InnoDB DEFAULT CHARSET=utf8mb4 COLLATE=utf8mb4_unicode_ci;

--
-- Dumping data for table `students`
--

INSERT INTO `students` (`student_id`, `school_register_no`, `enrollment_date`, `previous_school`, `student_name`, `gender`, `sports_house`, `birth_cert_no`, `birth_place`, `ic_no`, `birthdate`, `race`, `religion`, `nationality`, `address`, `father_name`, `father_ic`, `father_phone`, `father_job`, `father_salary`, `mother_name`, `mother_ic`, `mother_phone`, `mother_job`, `mother_salary`, `guardian_name`, `guardian_ic`, `guardian_phone`, `guardian_job`, `guardian_salary`, `is_baitulmal_recipient`, `is_orphan`, `parents_marital_status`, `uniform_unit`, `uniform_position`, `club_association`, `club_position`, `sports_game`, `sports_position`, `phone`, `class_id`, `photo`) VALUES
(1, '498', '2020-02-01', 'TADIKA ISLAM, MAIWP', 'ABDUL RAZIQ ZAYYAD BIN ABDUL NAGIB', 'Male', 'MERAH', 'CU87937', 'KUALA LUMPUR', '130118-10-1583', '2020-02-01', 'MALAY', 'ISLAM', 'Malaysia', '7 CHANGKAT KERAMAT HUJUNG KG DATUK KERAMAT, KL', 'ABDUL NAGIB BIN ABDUL WAHAB', '', '012-8282719', 'JURUTERA', 4500.00, 'ZAITUN BINTI MD ALI', '', '176543921', 'TIDAK BEKERJA / SURI RUMAH', 0.00, '', '', '', '', 0.00, 'TIDAK', 'TIDAK', 'BERKAHWIN', 'TUNAS KEDET REMAJA SEKOLAH (TKRS)', 'AHLI BIASA', 'AHLI BIASA', '', 'AHLI BIASA', '', '012-8282719', 16, NULL),
(2, '503', '2020-02-01', 'TADIKA RAHMAH SETIAWANGSA', 'ALMIRA AINUL MARDHIAH BINTI MOHD FARHAN', 'Female', 'HIJAU', 'CV53366', 'KUALA LUMPUR', '130504-14-0134', '2020-02-01', 'MALAY', 'ISLAM', 'Malaysia', '18F TINGKAT 6 BLOK B FLAT PKNS, KL', 'MOHD FARHAN BIN SABTU', '', '017-3393310', 'KERJA SENDIRI', 2500.00, 'BUSRA BINTI AHMAD', '', '133788806', 'TIDAK BEKERJA / SURI RUMAH', 0.00, '', '', '', '', 0.00, 'TIDAK', 'TIDAK', 'BERKAHWIN', 'PERSATUAN PENGANGKAP MALAYSIA', 'AHLI BIASA', 'AHLI BIASA', '', 'AHLI BIASA', '', '017-3393310', 16, NULL),
(3, '541', '2020-02-01', 'LITTLE CALIPH', 'AQIL MOHAMAD NOH BIN ABDUL HALIM', 'Male', 'HIJAU', '4568/2015', 'HOSPITAL KUALA LUMPUR', '130408-14-0177', '2020-02-01', 'MALAY', 'ISLAM', 'Malaysia', 'E-5-5 DESA PASIFIK, KL', 'MOHD NOH BIN ZAINI', '', '019-7199747', 'TENTERA', 6500.00, 'SYAHADA BINTI ADAM', '', '197199757', 'PEGAWAI LHDNM', 12000.00, '', '', '', '', 0.00, 'TIDAK', 'TIDAK', 'TINGGAL DENGAN KELUARGA ANGKAT', 'BULAN SABIT MERAH MALAYSIA (BSMM)', 'AHLI BIASA', 'AHLI BIASA', '', 'AJK', '', '019-7199747', 16, NULL),
(4, '511', '2020-02-01', 'PASTI AL-UMMAH, KG. PANDAN', 'MUHAMMAD \'AFI MUQRY BIN MOHD MUHYIDDIN', 'Male', 'HIJAU', 'CW35303', 'KUALA LUMPUR', '130608-01-1599', '2020-02-01', 'MALAY', 'ISLAM', 'Malaysia', 'A-39-01 RESIDENSI M CENTURA, KL', 'MOHD MUHYIDDIN BIN SAMSURI', '', '012-7562083', 'BURUH BINAAN', 3500.00, 'AAINA BINTI SALIM', '', '125090064', 'PERUNDING', 9000.00, '', '', '', '', 0.00, 'TIDAK', 'TIDAK', 'BERKAHWIN', 'PERSATUAN PENGANGKAP MALAYSIA', 'AJK', 'AHLI BIASA', '', 'AHLI BIASA', '', '012-7562083', 16, NULL),
(5, '548', '2020-02-01', 'APC AL-BAGHDADI', 'MUHAMMAD AIMAN HADI BIN MOHD NAZLIE', 'Male', 'BIRU', 'CU07766', 'HOSPITAL PURAWI', '130527-14-0313', '2020-02-01', 'MALAY', 'ISLAM', 'Malaysia', 'D-1-10, SETIAWANGSA BUSINESS SUITE, KL', 'MOHD NAZLIE BIN ABDUL HAMID', '', '016-2154937', 'AKAUNTAN', 10300.00, 'AIMI MARLINA BINTI OMAR', '', '192814937', 'BEKERJA SENDIRI', 3000.00, '', '', '', '', 0.00, 'TIDAK', 'TIDAK', 'BERKAHWIN', 'BULAN SABIT MERAH MALAYSIA (BSMM)', 'AHLI BIASA', 'AHLI BIASA', '', 'AHLI BIASA', '', '016-2154937', 16, NULL),
(6, '513', '2020-02-01', 'TADIKA MAHIR ISLAM', 'MUHAMMAD AISY RUZZAELL BIN KHAIRUL NESAH', 'Male', 'MERAH', 'CS75263', 'KUALA LUMPUR', '130106-14-0497', '2020-02-01', 'MALAY', 'ISLAM', 'Malaysia', 'LOT 4114-1 JALAN SUNGAI GAHAL, SELANGOR', 'KHAIRUL NESAH BIN MOHMAD NOR', '', '012-3996835', 'TENTERA', 2500.00, 'SITI ZALEHA BT YUNUS', '', '183788466', 'PERUNDING INSURANS', 3160.00, '', '', '', '', 0.00, 'TIDAK', 'TIDAK', 'BERKAHWIN', 'BULAN SABIT MERAH MALAYSIA (BSMM)', 'AHLI BIASA', 'AHLI BIASA', '', 'AHLI BIASA', '', '012-3996835', 16, NULL),
(7, '550', '2020-02-01', 'AKADEMIK TAHFIZ AL-HIDAYAH', 'MUHAMMAD ALI IMRAN BIN ABD MANAP', 'Male', 'KUNING', 'CU07962', 'HOSPITAL PURAWI', '130615-14-0305', '2020-02-01', 'MALAY', 'ISLAM', 'Malaysia', 'B-13-02, APARTMENT JASMIN, KL', 'ABD MANAP BIN IBRAHIM', '', '013-3215076', 'PESARA', 0.00, 'SUZAIDAH BINTI MUHAMAD RAUB', '', '196173785', 'PENGURUS', 8775.00, '', '', '', '', 0.00, 'TIDAK', 'TIDAK', 'BERKAHWIN', 'PERSATUAN PENGANGKAP MALAYSIA', 'AHLI BIASA', 'AHLI BIASA', '', 'AHLI BIASA', '', '013-3215076', 16, NULL),
(8, '514', '2020-02-01', 'LITTLE CALIPH', 'MUHAMMAD AMJAD HAKIM BIN MOHAMAD AZNAN', 'Male', 'BIRU', 'CV84048', 'SELANGOR', '130416-10-1581', '2020-02-01', 'MALAY', 'ISLAM', 'Malaysia', 'NO14F JALAN REJANG 9, KL', 'MOHAMAD AZNAN BIN AHMAD', '', '017-5161517', 'PEMANDU', 2800.00, 'NOOR HAZWANI BINTI KHALID', '', '182998256', 'LAIN-LAIN', 2800.00, 'HAMIDAH BINTI RAMLI', '540408085608.0', '', 'TIDAK BEKERJA', 0.00, 'TIDAK', 'TIDAK', 'BERCERAI', 'TUNAS KEDET REMAJA SEKOLAH (TKRS)', 'AHLI BIASA', 'AHLI BIASA', '', 'AJK', '', '017-5161517', 16, NULL),
(9, '551', '2020-02-01', 'TASKA PUJI ILHAM', 'MUHAMMAD ARYAN BIN MOHD FADZLIN', 'Male', 'MERAH', 'CY52070', 'HOSPITAL SUNGAI BULOH', '131110-10-0513', '2020-02-01', 'MALAY', 'ISLAM', 'Malaysia', 'NO 19-2-2 KUARTERS SRI MUTIARA, KL', 'MOHD FADZLIN BIN AMINUDDIN', '', '019-3044511', 'JURUTEKNIK', 3854.00, 'NURHAZIRAH BINTI ABDAN', '', '135355313', 'JURU ANALISA', 4001.00, '', '', '', '', 0.00, 'TIDAK', 'TIDAK', 'BERKAHWIN', 'PERSATUAN PENGANGKAP MALAYSIA', 'AHLI BIASA', 'AHLI BIASA', '', 'AJK', '', '019-3044511', 16, NULL),
(10, '518', '2020-02-01', 'LITTLE CALIPH', 'MUHAMMAD DARWISY FIRAS BIN MOHD DHANY', 'Male', 'BIRU', 'CU39731', 'PPUKM', '130120-14-0733', '2020-02-01', 'MALAY', 'ISLAM', 'Malaysia', 'D2-25-1 RESIDENSI BANDAR RAZAK, KL', 'MOHD DHANY BIN MOHD NOR', '', '019-3251007', 'TENTERA', 9657.00, 'NOOR FATEHAH BINTI SHAFIEE', '', '172392984', 'SETIAUSAHA', 5037.00, '', '', '', '', 0.00, 'TIDAK', 'TIDAK', 'BERKAHWIN', 'PERSATUAN PENGANGKAP MALAYSIA', 'AHLI BIASA', 'AHLI BIASA', '', 'AHLI BIASA', '', '019-3251007', 16, NULL),
(11, '519', '2020-02-01', 'LITTLE CALIPH', 'MUHAMMAD FIRAS AZRI BIN MOHAMAD FAIZUL AZRI', 'Male', 'BIRU', 'CV52934', 'SELANGOR', '130402-10-0369', '2020-02-01', 'MALAY', 'ISLAM', 'Malaysia', 'BLOK A TINGKAT 3A APARTMENT TAMAN CAHAYA, SELANGOR', 'MOHAMAD FAIZUL AZRI BIN YUSOFF', '', '123351781', 'JURU ELEKTRIK', 9300.00, 'NORAZURA BINTI ABD RASHID @ DERASID', '', '123341781', 'PEGAWAI TADBIR', 6780.00, '', '', '', '', 0.00, 'TIDAK', 'TIDAK', 'BERKAHWIN', 'TUNAS KEDET REMAJA SEKOLAH (TKRS)', 'AHLI BIASA', 'AHLI BIASA', '', 'AHLI BIASA', '', '123351781', 16, NULL),
(12, '576', '2024-11-03', '', 'MUHAMMAD IZZAQIL SHAH BIN KHAIRUL AEIQRAM', 'Male', 'KUNING', 'CY71005', 'SELANGOR', '131212-10-0653', '2024-11-03', 'MALAY', 'ISLAM', 'Malaysia', 'NO 106, JALAN SG 10/2, SELANGOR', 'KHAIRUL AEIQRAM BIN SUHAIRI', '', '014-7331478', 'JURU UKUR', 4200.00, 'SITI MARIAM BINTI NORUDDIN', '', '019-6782686', 'JURU UKUR', 6709.72, '', '', '', '', 0.00, 'TIDAK', 'TIDAK', 'BERKAHWIN', 'BULAN SABIT MERAH MALAYSIA (BSMM)', 'AHLI BIASA', 'AHLI BIASA', '', 'AHLI BIASA', '', '014-7331478', 16, NULL),
(13, '522', '2020-02-01', 'TADIKA SEMAI BAKTI FELDA', 'MUHAMMAD QHALEEF AQIL BIN AHMAD', 'Male', 'HIJAU', 'CT62989', 'KEDAH', '130703-02-0223', '2020-02-01', 'MALAY', 'ISLAM', 'Malaysia', 'BLOK G-08-02, KUARTERS DESA SETIA WIRA, KL', 'AHMAD BIN ALI', '', '011-21026367', 'TENTERA', 3459.02, 'NOR SHAHIDATUL AKMAL BINTI MANSOR', '', '183845723', 'LAIN-LAIN', 2778.00, '', '', '', '', 0.00, 'TIDAK', 'TIDAK', 'BERKAHWIN', 'TUNAS KEDET REMAJA SEKOLAH (TKRS)', 'AHLI BIASA', 'AHLI BIASA', '', 'AHLI BIASA', '', '011-21026367', 16, NULL),
(14, '521', '2020-02-01', 'LITTLE CALIPH', 'MUHAMMAD SALAHUDDIN BIN MOHD IBRAHIM', 'Male', 'MERAH', 'CU01555', 'KUALA LUMPUR', '130309-14-0593', '2020-02-01', 'MALAY', 'ISLAM', 'Malaysia', 'NO 10 JALAN RAJA UDA KAMPUNG BARU, KL', 'MOHD IBRAHIM BIN ABU BAKAR', '', '019-7132127', 'PENGURUS KEWANGAN', 3500.00, 'EMILIA HARTINI BT ABDUL PATAH', '', '126644775', 'GURU', 3500.00, '', '', '', '', 0.00, 'TIDAK', 'TIDAK', 'BERKAHWIN', 'TUNAS KEDET REMAJA SEKOLAH (TKRS)', 'AHLI BIASA', 'AHLI BIASA', '', 'AJK', '', '019-7132127', 16, NULL),
(15, '545', '2020-02-01', 'LITTLE CALIPH', 'MUHAMMAD SYAMIL BIN MOHD SYAHRULNAIM', 'Male', 'MERAH', 'CU03343', 'HOSPITAL PURAWI', '130228-14-0321', '2020-02-01', 'MALAY', 'ISLAM', 'Malaysia', 'B-14-10 KOMPLEKS KEDIAMAN KAKITANGAN AWAM, KL', 'MOHD SYAHRULNAIM BIN SHARIF', '', '019-3693738', 'TNB', 3400.00, 'ROHAYU BINTI YUSOF', '', '192902848', 'KERANI', 3213.00, '', '', '', '', 0.00, 'TIDAK', 'TIDAK', 'BERKAHWIN', 'PERSATUAN PENGANGKAP MALAYSIA', 'AHLI BIASA', 'AHLI BIASA', '', 'AHLI BIASA', '', '019-3693738', 16, NULL),
(16, '556', '2020-02-01', 'SK KEMENTAH', 'MUHAMMAD UWAIS SYAFIRAS BIN MUHAMAD SHAMIR', 'Male', 'BIRU', 'CU08117', 'HOSPITAL BERSALIN', '130626-14-0597', '2020-02-01', 'MALAY', 'ISLAM', 'Malaysia', 'B-16-1 DESA SETIA WIRA, JALAN BUKU LIMA, KL', 'MUHAMAD SHAMIR BIN SAHARRUDIN', '', '012-4885169', 'TENTERA', 3563.00, 'ZYASFITRI ISMAWATI BINTI AWANG ISMAIL', '', '128335169', 'KERANI', 3558.00, '', '', '', '', 0.00, 'TIDAK', 'TIDAK', 'BERKAHWIN', 'PERSATUAN PENGANGKAP MALAYSIA', 'Pengerusi', 'AHLI BIASA', '', 'AHLI BIASA', '', '012-4885169', 16, NULL),
(17, '523', '2020-02-01', 'TADIKA ISLAM, MAIWP', 'NIK AFAF UMAIRAH BINTI MOHD HAZLI', 'Female', 'HIJAU', 'SB745277', 'SABAH', '130218-12-0626', '2020-02-01', 'MALAY', 'ISLAM', 'Malaysia', 'A 6 10 PANGSAPURI KENANGA SARI, KL', 'MOHD HAZLI BIN MOHD NOR', '', '019-8950293', 'PESARA', 2700.00, 'NIK ROSMAWATI BINTI YUSOFF', '', '138917632', 'GURU', 7308.98, '', '', '', '', 0.00, 'TIDAK', 'TIDAK', 'BERKAHWIN', 'PERSATUAN PENGANGKAP MALAYSIA', 'AHLI BIASA', 'AHLI BIASA', '', 'AHLI BIASA', '', '019-8950293', 16, NULL),
(18, '524', '2020-04-08', 'PRA SEKOLAH JLN GURNEY 1', 'NOOR AVIEYEENA SUFFIYAH BINTI MOHD SAOFI', 'Female', 'MERAH', 'CW14293', 'SELANGOR', '131017-10-2258', '2020-04-08', 'MALAY', 'ISLAM', 'Malaysia', '20B BLOCK E, KL', 'MOHD SAOFI BIN RAZALI', '', '019-6926443', 'TIDAK BEKERJA', 0.00, 'NOOR ISMA DALILA BINTI ISMAIL', '', '019-6996443', 'KERANI', 2581.00, 'NORMALA BINTI AZIZ', '590608055222.0', '', 'SURI RUMAH', 0.00, 'YA', 'TIDAK', 'BERCERAI', 'PERSATUAN PENGANGKAP MALAYSIA', 'AHLI BIASA', 'AHLI BIASA', '', 'AHLI BIASA', '', '019-6926443', 16, NULL),
(19, '528', '2020-01-20', 'TADIKA AKTIF GEMILANG', 'NUR IZZ ZAYANI BINTI MOHD ISYRAQY', 'Female', 'MERAH', 'CW45316', 'SELANGOR', '131201-10-0762', '2020-01-20', 'MALAY', 'ISLAM', 'Malaysia', 'BLOK D-8-5, DESA WANGSA KERAMAT, KL', 'MOHD ISYRAQY BIN MUSTAFA', '', '019-6609958', 'PENJAWAT AWAM', 9600.00, 'HARTINI BINTI MD AMIN', '', '019-2009985', 'PEGAWAI TENTERA', 8490.00, '', '', '', '', 0.00, 'TIDAK', 'TIDAK', 'BERKAHWIN', 'PERSATUAN PENGANGKAP MALAYSIA', 'AHLI BIASA', 'AHLI BIASA', '', 'AHLI BIASA', '', '019-6609958', 16, NULL),
(20, '561', '2020-01-20', 'TADIKA HASANAH', 'NUR RANIA SAFIYYAH BINTI MUHAMMAD RIDZWAN', 'Female', 'MERAH', 'CV06575', 'PUSRAWI', '130626-14-0474', '2020-01-20', 'MALAY', 'ISLAM', 'Malaysia', 'NO 4 BLOK 2 JALAN AU3/1, SELANGOR', 'MUHAMMAD RIDZWAN BIN KASIM', '', '0013-6454734', 'JURUTEKNIK', 4026.00, 'KHOZAIMAH BINTI RIDZUAN', '', '196246024', 'GURU AGAMA', 4675.44, '', '', '', '', 0.00, 'TIDAK', 'TIDAK', 'BERKAHWIN', 'BULAN SABIT MERAH MALAYSIA (BSMM)', 'AHLI BIASA', 'AHLI BIASA', '', 'AHLI BIASA', '', '0013-6454734', 16, NULL),
(21, '531', '2020-02-01', 'TADIKA ISLAM, MAIWP', 'NUR ZAILA ZULAIKHA BINTI MOHAMMAD FAZLI', 'Female', 'MERAH', 'CU07166', 'KUALA LUMPUR', '130126-14-0056', '2020-02-01', 'MALAY', 'ISLAM', 'Malaysia', 'D-5-8 PERUMAHAN AWAM DESA REJANG, KL', 'MOHAMMAD FAZLI B BABH', '', '016-6484821', 'TUKANG MASAK', 2500.00, 'ZARINA BINTI HASYIM', '', '167870477', 'TUKANG MASAK', 2000.00, '', '', '', '', 0.00, 'YA', 'TIDAK', 'BERKAHWIN', 'BULAN SABIT MERAH MALAYSIA (BSMM)', 'AHLI BIASA', 'AHLI BIASA', '', 'AHLI BIASA', '', '016-6484821', 16, NULL),
(22, '532', '2020-02-01', 'TADIKA ISLAM, MAIWP', 'NUR ZARA ZAHIRAH BINTI MOHD DASSILA', 'Female', 'BIRU', 'CU03221', 'KUALA LUMPUR', '130214-14-0822', '2020-02-01', 'MALAY', 'ISLAM', 'Malaysia', 'TINGKAT 6-5,PANGSAPURI BUNGARAYA, KL', 'MOHD DASSILA BIN ABDUL HAMID', '', '011-64523144', 'BEKERJA SENDIRI', 1500.00, 'ROSNITA BINTI ABD KARIM', '', '192548218', 'PEGAWAI POLIS', 4696.00, '', '', '', '', 0.00, 'TIDAK', 'TIDAK', 'BERKAHWIN', 'BULAN SABIT MERAH MALAYSIA (BSMM)', 'AHLI BIASA', 'AHLI BIASA', '', 'AJK', '', '011-64523144', 16, NULL),
(23, '564', '2020-02-01', 'LITTLE CALIPH', 'QAIRA AISHA BINTI SHAHRUL NIZAM', 'Female', 'KUNING', 'CU44911', 'Hospital Sultanah', '130526-11-0120', '2020-02-01', 'MALAY', 'ISLAM', 'Malaysia', 'A-11-6, RESIDENSI BAYU ANDAMAN, KL', 'SHAHRULNIZAM BIN MDNOH', '', '019-7900148', 'JURUTERA', 4000.00, 'NORZIANA BINTI TALIB', '', '199080148', 'AKAUNTAN', 3500.00, '', '', '', '', 0.00, 'TIDAK', 'TIDAK', 'BERKAHWIN', 'TUNAS KEDET REMAJA SEKOLAH (TKRS)', 'AHLI BIASA', 'AHLI BIASA', '', 'AHLI BIASA', '', '019-7900148', 16, NULL),
(24, '533', '2020-02-01', 'PASTI AL-HIDAYAH', 'RAISHA HUMAIRA BINTI MOHAMAD HANIZAN', 'Female', 'HIJAU', 'CW98279', 'KUALA LUMPUR', '130702-14-0514', '2020-02-01', 'MALAY', 'ISLAM', 'Malaysia', '59-01-04,PANGSAMURNI TITIWANGSA KERAMAT JAYA 2, KL', 'MOHAMAD HANIZAN BIN MOHAMAD', '', '019-2932004', 'LAIN-LAIN', 0.00, 'ROHAIDA BINTI HASAN', '', '174552101', 'JURUTEKNIK', 5125.00, '', '', '', '', 0.00, 'TIDAK', 'TIDAK', 'BERKAHWIN', 'PERSATUAN PUTERI ISLAM MALAYSIA (PPIM)', 'AHLI BIASA', 'AHLI BIASA', '', 'AHLI BIASA', '', '019-2932004', 16, NULL),
(25, '534', '2020-02-01', 'AL-BAGHDADI PLAYTIME CENTRE', 'RAWI IBRAHIM BIN RODZEIMY', 'Male', 'KUNING', 'CW45258', 'KUALA LUMPUR', '131128-14-0273', '2020-02-01', 'MALAY', 'ISLAM', 'Malaysia', 'BLOK A-6-6,APARTMENT DAHLIA, KL', 'RODZEIMY BIN SULAIMAN', '', '012-9777311', 'PEREKA GRAFIK / PELUKIS PLAN', 5750.00, 'ROZIMAH BINTI ABD AZIZ', '', '173011579', 'KERANI', 4871.00, '', '', '', '', 0.00, 'TIDAK', 'TIDAK', 'BERKAHWIN', 'TUNAS KEDET REMAJA SEKOLAH (TKRS)', 'AHLI BIASA', 'AJK', '', 'AHLI BIASA', '', '012-9777311', 16, NULL),
(26, '535', '2020-02-01', 'APC SETIAWANGSA', 'SALSABILA BINTI FITRI MUNAP', 'Female', 'KUNING', 'CU03814', 'SELANGOR', '130417-10-0580', '2020-02-01', 'MALAY', 'ISLAM', 'Malaysia', 'NO.121,JALAN KERAMAT, KL', 'FITRI MUNAP BIN MAZLAN', '', '012-6499121', 'EXECUTIVE BIM', 3500.00, 'NORASHYIKEN BINTI AZALI', '', '134223247', 'ARKITEK', 5898.00, '', '', '', '', 0.00, 'TIDAK', 'TIDAK', 'BERKAHWIN', 'PERSATUAN PENGANGKAP MALAYSIA', 'AHLI BIASA', 'AHLI BIASA', '', 'AHLI BIASA', '', '012-6499121', 16, NULL),
(27, '567', '2020-02-01', 'PASTI LITTLE AMILIN', 'SARAH IZNI IMAN BINTI ABDUL HADI', 'Female', 'MERAH', '5441/2015', 'HOSPITAL RAJA', '131009-08-0888', '2020-02-01', 'MALAY', 'ISLAM', 'Malaysia', 'C-9-5 PERTIWI INDAH, KL', 'IZUAN SHUKRI BIN MOHAMED ARIF', '', '013-5146127', 'PARAMEDIK', 4709.60, 'HANIZAN BINTI SUBOH', '', '196812999', 'LAIN-LAIN', 11854.84, '', '', '', '', 0.00, 'TIDAK', 'TIDAK', 'TINGGAL DENGAN KELUARGA ANGKAT', 'PERSATUAN PUTERI ISLAM MALAYSIA (PPIM)', 'AHLI BIASA', 'AHLI BIASA', '', 'AJK', '', '013-5146127', 16, NULL),
(28, '568', '2020-02-01', 'LITTLE CALIPH', 'UMAIRAH NUR SYAFIAH BINTI MUHAMAD SHAMIR', 'Female', 'BIRU', 'CU08118', 'HKL', '130626-14-0466', '2020-02-01', 'MALAY', 'ISLAM', 'Malaysia', 'B-16-1 DESA SETIA WIRA, JALAN BUKU LIMA, KL', 'MUHAMAD SHAMIR BIN SAHARRUDIN', '', '012-4885169', 'TENTERA', 3563.00, 'ZYASFITRI ISMAWATI BINTI AWANG ISMAIL', '', '128335169', 'KERANI', 3558.00, '', '', '', '', 0.00, 'TIDAK', 'TIDAK', 'BERKAHWIN', 'PERSATUAN PENGANGKAP MALAYSIA', 'Naib Pengerusi', 'AHLI BIASA', '', 'NAIB SETIAUSAHA', '', '012-4885169', 16, NULL),
(29, '569', '2020-02-01', 'LITTLE CALIPH', 'WAFRI EIMAN BIN ABDUL MUKMIN', 'Male', 'MERAH', 'CU89056', 'PUTRA MEDICAL', '130211-10-1369', '2020-02-01', 'MALAY', 'ISLAM', 'Malaysia', '-13A-3A RESIDENSI SEMARAK PLATINUM, KL', 'ABDUL MUKMIN BIN ALI', '', '129103134', 'PEGAWAI TEKNOLOGI MAKLUMAT', 6828.00, 'LIZAWATI BT MOHAMAD HALIT', '', '134987300', 'PEGAWAI TEKNOLOGI MAKLUMAT', 6000.00, '', '', '', '', 0.00, 'TIDAK', 'TIDAK', 'BERKAHWIN', 'BULAN SABIT MERAH MALAYSIA (BSMM)', 'AHLI BIASA', 'AHLI BIASA', '', 'AHLI BIASA', '', '129103134', 16, NULL),
(30, '571', '2020-02-01', 'PASTI ISTIQAMAH', 'WAN NOORSYUKRINA NAYLI BINTI WAN YUSUFF', 'Female', 'KUNING', 'CV99708', 'KUALA LUMPUR', '130430-14-0608', '2020-02-01', 'MALAY', 'ISLAM', 'Malaysia', 'A26-08 RESIDENSI WANGSA MAS, KL', 'WAN YUSUFF BIN W ISHAK', '', '145527049', 'PEGAWAI HAL EHWAL', 7000.00, 'SUWAIBAH BINTI ROMLI', '', '173776398', 'PEGAWAI TADBIR', 7000.00, '', '', '', '', 0.00, 'TIDAK', 'TIDAK', 'BERKAHWIN', 'BULAN SABIT MERAH MALAYSIA (BSMM)', 'AHLI BIASA', 'AHLI BIASA', '', 'AHLI BIASA', '', '145527049', 16, NULL),
(31, '615', '2021-03-01', '', 'AHMAD AMMAR YAQEEN BIN MOHD HAFIZ', 'Male', 'MERAH', 'CZ86579', 'HAT TUNKU MIZAN WP KUALA LUMPUR', '140611-14-0833', '2021-03-01', 'MALAY', 'ISLAM', 'Malaysia', '7, JALAN AU 2A,TAMAN SRI KERAMAT 54200 WILAYAH PERSEKUTUAN KUALA LUMPUR', 'MOHD HAFIZ BIN OMAR', '', '122031991', 'KAKITANGAN SWASTA', 9172.83, 'NURUL ADLINA BINTI ABD AZIZ', '', '169764746', 'PEGAWAI TADBIR & DIPLOMATIK', 12100.00, '', '', '', '', 0.00, 'TIDAK', 'TIDAK', 'BERKAHWIN', 'PENGAKAP', 'AHLI BIASA', 'AHLI BIASA', '', 'AHLI BIASA', '', '122031991', 14, NULL),
(32, '616', '2021-03-01', '', 'AHMAD FAUZAN KHALISH BIN KAMALRULZAMAN', 'Male', 'BIRU', 'CZ95084', 'HOSPITAL TUNKU FAUZIAH', '140911-09-0057', '2021-03-01', 'MALAY', 'ISLAM', 'Malaysia', 'BLOK B-15-18 PANGSAPURI BUKIT BARU JALAN KERAMAT HUJUNG 54000 WILAYAH PERSEKUTUAN KUALA LUMPUR', 'KAMALRULZAMAN BIN MD.RASHID', '', '176904953', 'PENGAWAL KESELAMATAN', 1800.00, 'NOR FATINAH BINTI MOHAMAD', '', '194036402', 'GURU', 2273.00, '', '', '', '', 0.00, 'TIDAK', 'TIDAK', 'BERKAHWIN', 'TKRS', 'AHLI BIASA', 'AHLI BIASA', '', 'AHLI BIASA', '', '176904953', 14, NULL),
(33, '617', '2021-03-01', '', 'AIDIL AFFANDI BIN YUNANI', 'Male', 'HIJAU', 'DA65300', 'HOSPITAL KUALA LUMPUR', '140802-14-0393', '2021-03-01', 'MALAY', 'ISLAM', 'Malaysia', '119X LORONG BUKIT KERAMAT 5 KAMPUNG DATUK KERAMAT 54000 WILAYAH PERSEKUTUAN KUALA LUMPUR', 'YUNANI BIN GIFARI', '', '123583752', 'POSMEN', 3887.70, 'SITI NUR-IZZAH BINTI AMAT', '', '1164055228', 'TIDAK BEKERJA', 0.00, '', '', '', '', 0.00, 'TIDAK', 'TIDAK', 'BERKAHWIN', 'PENGAKAP', 'AHLI BIASA', 'AHLI BIASA', '', 'AHLI BIASA', '', '123583752', 14, NULL),
(34, '807', '2024-11-03', 'SK SERI BONUS', 'AIRY OLIVIA MYSARRA BINTI MOHD AZRIL FIKRY', 'Female', 'BIRU', 'CZ37591', 'GOMBAK MEDICAL CENTRE SELANGOR', '140325-10-0646', '2024-11-03', 'MALAY', 'ISLAM', 'Malaysia', 'NO 4 AMPANG 68000 SELANGOR', 'MOHD AZRIL FIKRY BIN ABIDIN', '', '1133933909', 'PEMANDU', 1500.00, 'NATASHA AIMEE BINTI HASHIM', '', '1133939390', 'KAKITANGAN SWASTA', 3500.00, '', '', '', '', 0.00, 'TIDAK', 'TIDAK', 'BERKAHWIN', 'PPIM', 'AJK', 'AHLI BIASA', '', 'AHLI BIASA', '', '1133933909', 14, NULL),
(35, '618', '2021-03-01', '', 'AMEERAH SOLEHAH BINTI MOHD.MOHSIN', 'Female', 'BIRU', 'CZ37585', 'HOSPITAL KUALA LUMPUR', '140324-14-0224', '2021-03-01', 'MALAY', 'ISLAM', 'Malaysia', 'A-10-02 APARTMENT DAHLIA, JALAN 1/27, TAMAN SETAPAK JAYA BARU, KUALA LUMPUR 53300 WILAYAH PERSEKUTUAN KUALA LUMPUR', 'MOHD.MOHSIN BIN OMAR', '', '125421164', 'JURU UKUR', 4420.25, 'JAMILAH BINTI KARIM', '', '123279709', 'GURU', 6927.35, '', '', '', '', 0.00, 'TIDAK', 'TIDAK', 'BERKAHWIN', 'PENGAKAP', 'AHLI BIASA', 'AHLI BIASA', '', 'AHLI BIASA', '', '125421164', 14, NULL),
(36, '619', '2021-03-01', '', 'AMMAR ZHARIF BIN AZHAM', 'Male', 'KUNING', 'CZ24389', 'SENTUL MEDICAL CENTRE', '140228-14-1219', '2021-03-01', 'MALAY', 'ISLAM', 'Malaysia', 'BLOK B-9-8 PANGSAPURI MELUR JLN 2/48A BANDAR BARU SENTUL 51000 WILAYAH PERSEKUTUAN KUALA LUMPUR', 'AZHAM BIN MANSOR', '', '1159881094', 'PENIAGA', 1500.00, 'MAHFUZAH BINTI CHE ROS', '', '163068956', 'TIDAK BEKERJA', 0.00, '', '', '', '', 0.00, 'TIDAK', 'TIDAK', 'BERKAHWIN', 'PBSM', 'AHLI BIASA', 'AHLI BIASA', '', 'AHLI BIASA', '', '1159881094', 14, NULL),
(37, '899', '2024-11-03', 'SK HULU KELANG', 'AYDEN MALIQUE BIN MOHD REDZA', 'Male', 'KUNING', 'CY83431', '', '140612-02-0059', '2024-11-03', 'MALAY', 'ISLAM', 'Malaysia', 'B-12-10, FERA RESIDENCE, JALAN WANGSA KUARZA 1 SEKSYEN 10, 53300 WILAYAH PERSEKUTUAN KUALA LUMPUR', 'MOHD REDZA BIN SAZALI', '', '-', '-', 0.00, 'NOORAMIRAH BINTI MOHD NASIR', '', '143884330', 'KAKITANGAN SWASTA', 5000.00, '', '', '', '', 0.00, 'TIDAK', 'TIDAK', 'BERCERAI', 'PENGAKAP', 'AHLI BIASA', 'AHLI BIASA', '', 'AHLI BIASA', '', '-', 14, NULL),
(38, '621', '2021-03-01', '', 'HANNAH MURSYIDAH BINTI MOHAMMAD ABDUL HALIM', 'Female', 'KUNING', 'CY70540', 'HOSPITAL AMPANG', '140320-10-0962', '2021-03-01', 'MALAY', 'ISLAM', 'Malaysia', 'NO 73 X JALAN KERAMAT HUJUNG KAMPUNG DATO KERAMAT 54000 WILAYAH PERSEKUTUAN KUALA LUMPUR', 'MOHAMMAD ABDUL HALIM BIN KAMARUZAMAN', '', '183784408', 'KAKITANGAN SWASTA', 4300.00, 'MAS MAGHFIRAH BINTI MALIK', '', '178045871', 'KAKITANGAN SWASTA', 2650.00, '', '', '', '', 0.00, 'TIDAK', 'TIDAK', 'BERKAHWIN', 'TKRS', 'AHLI BIASA', 'AHLI BIASA', '', 'AHLI BIASA', '', '183784408', 14, NULL),
(39, '714', '2023-03-20', '', 'HULWAH NUR JAMEELA BINTI MOHD KHAIRUL', 'Female', 'HIJAU', 'DA88493', '', '141002-14-0410', '2023-03-20', 'MALAY', 'ISLAM', 'Malaysia', 'A-6-5 KOMPLEKS KEDIAMAN KAKITANGAN AWAM JALAN U-THANT JALAN 1 /76 OFF JALAN KAMPUNG PANDAN 50600 WILAYAH PERSEKUTUAN KUALA LUMPUR', 'MOHD KHAIRUL BIN OTHMAN', '', '196385060', 'KAKITANGAN AWAM', 6000.00, 'NOR HASYYATI BINTI HASHIM', '', '1111479586', 'TIDAK BEKERJA', 0.00, '', '', '', '', 0.00, 'TIDAK', 'TIDAK', 'BERKAHWIN', 'PPIM', 'AHLI BIASA', 'AHLI BIASA', '', 'AHLI BIASA', '', '196385060', 1, NULL),
(40, '622', '2021-03-01', '', 'LUQMAN ALHAKIM BIN MUHAMMAD ADLI', 'Male', 'MERAH', 'DA15197', 'AL-ISLAM SPECIALIST HOSPITAL KUALA LUMPUR', '140527-14-1323', '2021-03-01', 'MALAY', 'ISLAM', 'Malaysia', 'B-1-7 ,Tiara Duta JALAN PUTRA SULAIMAN 68000 SELANGOR', 'MUHAMMAD ADLI BIN YAHAYA', '', '195742356', 'JURUTERA', 10000.00, 'SITI ZAHARIAH BINTI ABDUL WAHAB', '', '173788681', 'PENSYARAH', 5000.00, '', '', '', '', 0.00, 'TIDAK', 'TIDAK', 'BERKAHWIN', 'PENGAKAP', 'AHLI BIASA', 'AHLI BIASA', '', 'AHLI BIASA', '', '195742356', 1, NULL),
(41, '623', '2021-03-01', '', 'MOHAMAD SYAMIN IZRIN BIN MOHD SHAHRIN', 'Male', 'BIRU', 'DB07784', 'HOSPITAL KUALA LUMPUR', '141111-14-0225', '2021-03-01', 'MALAY', 'ISLAM', 'Malaysia', 'D-4-11, APARTMENT SRI MELUR JALAN U/P 4, TAMAN UKAY PERDANA 68000 SELANGOR', 'MOHD SHAHRIN BIN HASSAN', '', '172069294', 'KAKITANGAN SWASTA', 3000.00, 'NORIZAZAYA BINTI MOHD ANUAR', '', '108162088', 'JURURAWAT', 3200.00, '', '', '', '', 0.00, 'TIDAK', 'TIDAK', 'BERKAHWIN', 'TKRS', 'AHLI BIASA', 'AHLI BIASA', '', 'AHLI BIASA', '', '172069294', 14, NULL),
(42, '624', '2021-03-01', '', 'MUHAMMAD ADAM BIN MOHAMMAD KHAIRUZZAMANI', 'Male', 'HIJAU', 'CZ86205', 'HOSPITAL AMPANG', '140510-10-2301', '2021-03-01', 'MALAY', 'ISLAM', 'Malaysia', 'NO. 40A, JALAN REJANG 3, TAMAN SETAPAK JAYA 53300 WILAYAH PERSEKUTUAN KUALA LUMPUR', 'MOHAMMAD KHAIRUZZAMANI BIN KAMALRUZZAMAN', '', '132105270', 'GURU', 5950.00, 'NUR SHAZANA BINTI AHMAD BZAYAUDDIN', '', '137140031', 'GURU', 5950.14, '', '', '', '', 0.00, 'TIDAK', 'TIDAK', 'BERKAHWIN', 'PENGAKAP', 'AHLI BIASA', 'AJK', '', 'AHLI BIASA', '', '132105270', 14, NULL),
(43, '625', '2021-03-01', '', 'MUHAMMAD ADAM FARIS BIN MOHD FARID', 'Male', 'KUNING', 'CY36591', 'HOSPITAL KUALA LUMPUR', '140211-14-1001', '2021-03-01', 'MALAY', 'ISLAM', 'Malaysia', '792, JALAN SAMUDERA UTARA 9, TAMAN SAMUDERA, 68100 SELANGOR', 'MOHD FARID BIN WAN EMBON @ WAEMBON', '', '1137040205', 'TIDAK BEKERJA', 0.00, 'ASLINDAWATI BINTI KAMALUDIN', '', '122165093', 'GURU', 4998.00, '', '', '', '', 0.00, 'TIDAK', 'TIDAK', 'BERKAHWIN', 'PENGAKAP', 'AHLI BIASA', 'AHLI BIASA', '', 'AHLI BIASA', '', '1137040205', 14, NULL),
(44, '803', '2024-11-03', '', 'MUHAMMAD ALI \'IMRAN BIN MOHD DARUS', 'Male', 'MERAH', 'CZ51995', 'HOSPITAL TUNKU MIZAN,WANGSA MAJU,KUALA LUMPUR', '140726-14-0227', '2024-11-03', 'MALAY', 'ISLAM', 'Malaysia', 'BLIK H 197-3 RAMPAI COURT FASA 2 JALAN 35/26 TAMAN SRI RAMPAI, SETAPAK 53300 SELANGOR', 'MOHD DARUS BIN ABDULLAH', '', '1137355284', 'PEGAWAI PERHILITAN', 2500.00, 'NURUL HUDA BINTI MISBAHKHUL MUNIR', '', '173929787', 'GURU', 4258.45, '', '', '', '', 0.00, 'TIDAK', 'TIDAK', 'BERKAHWIN', 'PENGAKAP', 'AHLI BIASA', 'AHLI BIASA', '', 'AHLI BIASA', '', '1137355284', 14, NULL),
(45, '715', '2023-03-20', 'SEKOLAH AL-AMIN KUALA LUMPUR', 'MUHAMMAD AMMAR BIN MOHAMED ADIB', 'Male', 'MERAH', 'DB27336', '', '141010-10-1155', '2023-03-20', 'MALAY', 'ISLAM', 'Malaysia', '14 JALAN WANGSA MURNI 6 53300 WILAYAH PERSEKUTUAN KUALA LUMPUR', 'MOHAMED ADIB BIN ABD HAMID', '', '122586446', 'JURUTERA', 15000.00, 'ANDIK NURLIANA BINTI BACHUK', '', '192146292', 'TIDAK BEKERJA', 0.00, '', '', '', '', 0.00, 'TIDAK', 'TIDAK', 'BERKAHWIN', 'TKRS', 'AHLI BIASA', 'AHLI BIASA', '', 'AHLI BIASA', '', '122586446', 14, NULL),
(46, '628', '2021-03-01', '', 'MUHAMMAD ARSYAD WAFIY BIN MOHAMAD AKBAR NOOR', 'Male', 'HIJAU', 'DB27619', 'PUSAT PERUBATAN NALURI,WANGSA MAJU,KUALA LUMPUR', '141021-14-0053', '2021-03-01', 'MALAY', 'ISLAM', 'Malaysia', '120 LORONG KERAMAT 3 KG DATUK KERAMAT 54000 WILAYAH PERSEKUTUAN KUALA LUMPUR', 'MOHAMAD AKBAR NOOR BIN MOHAMAD NOOR', '', '133636552', 'PENGURUS', 20625.00, 'MAIZATUL FUZAH BINTI AHMAD TARMIZI', '', '133728877', 'GURU', 8182.00, '', '', '', '', 0.00, 'TIDAK', 'TIDAK', 'BERKAHWIN', 'PENGAKAP', 'AHLI BIASA', 'AHLI BIASA', '', 'AHLI BIASA', '', '133636552', 14, NULL),
(47, '629', '2021-03-01', '', 'MUHAMMAD IRSYAD BIN KHALIL', 'Male', 'KUNING', 'DB40663', 'SHAH ALAM,SELANGOR SPECIALIST HOSPITAL', '140811-10-1783', '2021-03-01', 'MALAY', 'ISLAM', 'Malaysia', 'D-18-2, BLOCK D, GURNEY HEIGHT KONDOMINIUM JALAN BUKIT KERAMAT, 54000 KL KUALA LUMPUR 54000 WILAYAH PERSEKUTUAN KUALA LUMPUR', 'KHALIL BIN HARUN', '', '122716680', 'KAKITANGAN SWASTA', 6000.00, 'SITI NOR ZURAIDA BINTI CHE RODI', '', '123656637', 'KAKITANGAN AWAM', 6417.00, '', '', '', '', 0.00, 'TIDAK', 'TIDAK', 'BERKAHWIN', '', 'AHLI BIASA', '', '', '', '', '122716680', 14, NULL),
(48, '630', '2021-03-01', '', 'MUHAMMAD LUQMANUL HAKIM BIN NORAZLY', 'Male', 'MERAH', 'CY53949', 'AL-ISLAM SPECIALIST HOSPITAL JLN RAJA ABDULLAH', '140118-14-0223', '2021-03-01', 'MALAY', 'ISLAM', 'Malaysia', '29A BLOK D RUMAH PANGSA SRI PERLIS 2 JALAN DATUK KERAMAT 54000 WILAYAH PERSEKUTUAN KUALA LUMPUR', 'NORAZLY BIN MD YATIM', '', '136024624', 'PEGAWAI TEKNOLOGI MAKLUMAT', 9204.00, 'RUZAINI BINTI KHASIM', '', '102224624', 'PEGAWAI INSURANS', 3677.00, '', '', '', '', 0.00, 'TIDAK', 'TIDAK', 'BERKAHWIN', 'PBSM', 'AHLI BIASA', 'AHLI BIASA', '', 'AHLI BIASA', '', '136024624', 14, NULL),
(49, '631', '2021-03-01', '', 'MUHAMMAD QAUTHAR QAISH BIN MOHD HANAFI', 'Male', 'BIRU', 'CZ36058', 'HOSPITAL AMPANG,SELANGOR', '140607-10-0775', '2021-03-01', 'MALAY', 'ISLAM', 'Malaysia', 'C-32-01 RESIDENSI PANDANMAS 2 KG PANDAN 55100 WILAYAH PERSEKUTUAN KUALA LUMPUR', 'MOHD HANAFI BIN SALLEH', '', '132224279', 'PEGAWAI TADBIR', 8000.00, 'LISA MASHASNEY BTE ABU HASSAN', '', '136187832', 'SETIAUSAHA', 3000.00, '', '', '', '', 0.00, 'TIDAK', 'TIDAK', 'BERKAHWIN', 'TKRS', 'AHLI BIASA', 'AHLI BIASA', '', 'AHLI BIASA', '', '132224279', 14, NULL),
(50, '632', '2021-03-01', '', 'MUHAMMAD ZARKASYI BIN MOHD.RADZI', 'Male', 'HIJAU', 'CZ85488', 'HOSPITAL KUALA LUMPUR', '140605-14-0239', '2021-03-01', 'MALAY', 'ISLAM', 'Malaysia', 'NO 26-3-1 JALAN MEGAN SETAPAK 1 MEGAN SRI RAMPAI 53300 WILAYAH PERSEKUTUAN KUALA LUMPUR', 'MOHD.RADZI BIN SALEH', '', '183849358', 'KAKITANGAN SWASTA', 2000.00, 'JUMALISA BINTI HANAFI', '', '133334973', 'TIDAK BEKERJA', 0.00, '', '', '', '', 0.00, 'YA', 'TIDAK', 'BERKAHWIN', 'PBSM', 'AHLI BIASA', 'AHLI BIASA', '', 'AHLI BIASA', '', '183849358', 14, NULL),
(51, '633', '2021-03-01', '', 'MUJAHID BIN ABDUL GHANI', 'Male', 'KUNING', 'CX16162', 'HOSPITAL AMPANG,SELANGOR', '140220-10-2485', '2021-03-01', 'MALAY', 'ISLAM', 'Malaysia', 'NO 10 LORONG CHANTEK 2 KG PANDAN DALAM 55100 WILAYAH PERSEKUTUAN KUALA LUMPUR', 'ABDUL GHANI BIN ALI', '', '126252010', 'PENGAWAL KESELAMATAN', 3166.00, 'SHAHRINA BINTI YAAKUB', '', '104213819', 'KERANI', 3701.00, '', '', '', '', 0.00, 'TIDAK', 'TIDAK', 'BERKAHWIN', '', '', '', '', '', '', '126252010', 14, NULL),
(52, '636', '2021-03-01', '', 'NUR ARISSA SOFEA BINTI AZMAN', 'Female', 'HIJAU', 'DB27380', 'HAT TUNKU MIZAN KUALA LUMPUR', '141013-14-0328', '2021-03-01', 'MALAY', 'ISLAM', 'Malaysia', 'BLOK F 08-01 DESA SETIA WIRA JALAN BUKU LIMA 54000 WILAYAH PERSEKUTUAN KUALA LUMPUR', 'AZMAN BIN MAT JUSOH', '', '182435948', 'TENTERA', 5703.13, 'NURULHUDA BINTI ABDULLAH', '', '182929572', 'SETIAUSAHA', 3886.75, '', '', '', '', 0.00, 'TIDAK', 'TIDAK', 'BERKAHWIN', 'PPIM', 'AHLI BIASA', 'AHLI BIASA', '', 'AHLI BIASA', '', '182435948', 14, NULL),
(53, '637', '2021-03-01', '', 'NUR DAMIA HUSNA BINTI MOHD SAFWAN', 'Female', 'KUNING', 'DB07693', 'HAT TUNKU MIZAN KUALA LUMPUR', '140805-14-0348', '2021-03-01', 'MALAY', 'ISLAM', 'Malaysia', 'F-9-2 DESA WANGSA KERAMAT KAMPUNG DATUK KERAMAT, KL', 'MOHD SAFWAN BIN AZNI', '', '193704894', 'TENTERA', 3075.00, 'HAYATUN\'NISA BINTI ROHIZANI', '', '193278553', 'GURU', 4000.00, '', '', '', '', 0.00, 'TIDAK', 'TIDAK', 'BERKAHWIN', 'PPIM', 'AHLI BIASA', 'AHLI BIASA', '', 'AHLI BIASA', '', '193704894', 14, NULL),
(54, '638', '2021-03-01', '', 'NUR DAYANA AMANDA BINTI MOHD HAZWAN', 'Female', 'MERAH', 'CY70560', 'HOSPITAL KUALA LUMPUR', '140320-14-0734', '2021-03-01', 'MALAY', 'ISLAM', 'Malaysia', 'NO 12 BLOK A FLAT PKNS, JALAN ENGGANG TAMAN KERAMAT 54200 KL', 'MOHD HAZWAN BIN ABDUL RASHID', '', '173327339', 'BEKERJA SENDIRI', 1500.00, 'NURUL NAJIHA BINTI ABU HASSAN', '', '175510667', 'JURUJUAL', 1500.00, '', '', '', '', 0.00, 'TIDAK', 'TIDAK', 'BERKAHWIN', 'PPIM', 'AHLI BIASA', 'AHLI BIASA', '', 'AHLI BIASA', '', '173327339', 14, NULL),
(55, '639', '2021-03-01', '', 'NUR IMAN AMNI BINTI MOHD AMIRUDDIN', 'Female', 'HIJAU', 'CZ95304', 'HOSPITAL JITRA KEDAH', '140922-02-0020', '2021-03-01', 'MALAY', 'ISLAM', 'Malaysia', 'BLOK D 7-3 PERUMAHAN ANGKATAN TENTERA JALAN UTHANT DESA PANDAN 50600 KUALA LUMPUR', 'MOHD AMIRUDDIN BIN YUSOP', '', '194348445', 'TENTERA', 6234.00, 'HUSNA BINTI ZAHRI', '', '195488394', 'GURU', 6936.00, '', '', '', '', 0.00, 'TIDAK', 'TIDAK', 'BERKAHWIN', 'TKRS', 'AHLI BIASA', 'AHLI BIASA', '', 'AHLI BIASA', '', '194348445', 14, NULL),
(56, '640', '2021-03-01', '', 'NUR SAFFIYYA AZ-ZAHRA BINTI ANWAR', 'Female', 'BIRU', 'CY98302', 'HOSPITAL KUALA LUMPUR', '140502-14-0676', '2021-03-01', 'MALAY', 'ISLAM', 'Malaysia', 'A-19-14 RESIDENSI WANGSAMAS, NO 1 JALAN WANGSA DELIMA 7, WANGSA MAJU 53300 WILAYAH PERSEKUTUAN KUALA LUMPUR', 'ANWAR BIN MOHD', '', '179124479', 'PENGURUS', 7500.00, 'NURUL ZAWANI BINTI AZMI', '', '196200234', 'PEGAWAI TADBIR', 6500.00, '', '', '', '', 0.00, 'TIDAK', 'TIDAK', 'BERKAHWIN', 'TKRS', 'AHLI BIASA', 'AHLI BIASA', '', 'AHLI BIASA', '', '179124479', 14, NULL),
(57, '641', '2021-03-01', '', 'NUR ZAFIRAH IMANI BINTI AHMAD FARID', 'Female', 'HIJAU', 'CZ24137', 'HOSPITAL SERDANG SELANGOR', '140226-10-1860', '2021-03-01', 'MALAY', 'ISLAM', 'Malaysia', '12 JALAN 7/1 TAMAN TAR, 68000 AMPANG SELANGOR', 'AHMAD FARID BIN ABDUL MANAF', '', '122359269', 'BEKERJA SENDIRI', 1000.00, 'FATMAH BINTI ABDUL GHANI', '', '122008434', 'SURI RUMAH', 0.00, '', '', '', '', 0.00, 'YA', 'TIDAK', 'BERKAHWIN', 'PPIM', 'AHLI BIASA', 'AHLI BIASA', '', 'AHLI BIASA', '', '122359269', 14, NULL),
(58, '642', '2021-03-01', '', 'PUTERI QISYA IRDINA BINTI HANNAN', 'Female', 'MERAH', 'CY70642', 'KUALA LUMPUR', '140325-14-0394', '2021-03-01', 'MALAY', 'ISLAM', 'Malaysia', 'NO 12A, LORONG 1, KAMPUNG DESA PAHLAWAN, 55100 KUALA LUMPUR WILAYAH PERSEKUTUAN KUALA LUMPUR', 'HANNAN BIN MOHAMMAD FAUZI', '', '189443213', 'KERANI', 1800.00, 'NOOR LIANA BT ISHAK', '', '173307231', 'KERANI', 1800.00, '', '', '', '', 0.00, 'TIDAK', 'TIDAK', 'BERKAHWIN', 'PPIM', 'AHLI BIASA', 'AHLI BIASA', '', 'AHLI BIASA', '', '189443213', 14, NULL),
(59, '643', '2021-03-01', '', 'RAJA NAILA MIKAYLA BINTI RAJA SHAHARUDDIN', 'Female', 'KUNING', 'CZ86202', 'HOSPITAL KUALA LUMPUR', '140510-14-0138', '2021-03-01', 'MALAY', 'ISLAM', 'Malaysia', 'A-2-12 PANGSAPURI WAJA, JALAN TUN RAZAK, CHERAS 56000 KUALA LUMPUR WILAYAH PERSEKUTUAN KUALA LUMPUR', 'RAJA SHAHARUDDIN BIN RAJA AHMAD', '', '162233633', 'PEMBANTU TADBIR', 2500.00, 'NUR SAADAH BINTI ABDULLAH', '', '173742442', 'PEMBANTU TADBIR', 2500.00, '', '', '', '', 0.00, 'TIDAK', 'TIDAK', 'BERKAHWIN', 'PPIM', 'AHLI BIASA', 'AHLI BIASA', '', 'AHLI BIASA', '', '162233633', 14, NULL),
(60, '644', '2021-03-01', '', 'RAYYAN RIZQIE BIN ABDUL RASHID', 'Male', 'HIJAU', 'DA15159', 'HOSPITAL KUALA LUMPUR', '140523-14-0677', '2021-03-01', 'MALAY', 'ISLAM', 'Malaysia', '134 LORONG KERAMAT 1 KAMPUNG DATUK KERAMAT 54000 WILAYAH PERSEKUTUAN KUALA LUMPUR', 'ABDUL RASHID BIN BAHARI', '', '122976766', 'PENGHANTAR', 1200.00, 'NORAFIZAH BINTI GHAZALI', '', '173322044', 'KERANI', 1300.00, '', '', '', '', 0.00, 'TIDAK', 'TIDAK', 'BERKAHWIN', 'PBSM', 'AHLI BIASA', 'AHLI BIASA', '', 'AHLI BIASA', '', '122976766', 14, NULL),
(61, '645', '2021-03-01', '', 'SITI NAJIHAH BINTI ABU NAWAS', 'Female', 'MERAH', 'CZ86675', 'HOSPITAL KUALA LUMPUR', '140519-14-0710', '2021-03-01', 'MALAY', 'ISLAM', 'Malaysia', 'F-10-06 JALAN SERI WANGSA 2, VILLAWANGSAMAS CONDOMINIUM 53300 WILAYAH PERSEKUTUAN KUALA LUMPUR', 'ABU NAWAS BIN MOHAMED IBRAHIM', '', '172177021', 'AHLI PERNIAGAAN', 3500.00, 'EMILIA HARTINI BINTI ABDUL PATAH', '', '126644775', 'GURU', 3500.00, '', '', '', '', 0.00, 'TIDAK', 'TIDAK', 'BERKAHWIN', 'PPIM', 'AHLI BIASA', 'AHLI BIASA', '', 'AHLI BIASA', '', '172177021', 14, NULL),
(62, '646', '2021-03-01', '', 'SITI SOFEA BINTI MOHD IBRAHIM', 'Female', 'BIRU', 'CZ86737', 'HOSPITAL KUALA LUMPUR', '140523-14-0690', '2021-03-01', 'MALAY', 'ISLAM', 'Malaysia', 'F-10-06 JALAN SERI WANGSA 2, VILLAWANGSAMAS CONDOMINIUM 53300 WILAYAH PERSEKUTUAN KUALA LUMPUR', 'MOHD IBRAHIM BIN ABU BAKAR', '', '172177021', 'AHLI PERNIAGAAN', 3500.00, 'EMILIA HARTINI BINTI ABDUL PATAH', '', '126644775', 'GURU', 3500.00, '', '', '', '', 0.00, 'TIDAK', 'TIDAK', 'BERKAHWIN', 'PPIM', 'AHLI BIASA', 'AHLI BIASA', '', 'AHLI BIASA', '', '172177021', 14, NULL),
(63, '647', '2021-03-01', '', 'SOLEH EL-AQEEL BIN MOHD SHAKIR', 'Male', 'MERAH', 'DB78747', 'GOMBAK MEDICAL CENTRE', '141210-10-1889', '2021-03-01', 'MALAY', 'ISLAM', 'Malaysia', '52, JALAN ENGGANG, TAMAN KERAMAT KUALA LUMPUR 54200 WILAYAH PERSEKUTUAN KUALA LUMPUR', 'MOHD SHAKIR BIN USMAN', '', '136042208', 'PENGURUS', 7000.00, 'NUR AQILAH BINTI BEDU RAHIM', '', '1115531570', 'TIDAK BEKERJA', 5000.00, '', '', '', '', 0.00, 'TIDAK', 'TIDAK', 'BERKAHWIN', 'PENGAKAP', 'AHLI BIASA', 'AHLI BIASA', '', 'AHLI BIASA', '', '136042208', 14, NULL),
(64, '582', '2021-03-01', 'TADIKA ISLAM MAIWP', 'AHMAD TUAH ISKANDAR BIN AHMAD FARID', 'Male', 'KUNING', 'CZ95473', 'HOSPITAL KUALA LUMPUR', '140927-14-0237', '2021-03-01', 'MALAY', 'ISLAM', 'Malaysia', 'NO. 7, LORONG SETIAWANGSA 12, TAMAN SETIAWANGSA\n54200 KUALA LUMPUR\nWILAYAH PERSEKUTUAN KUALA LUMPUR', 'AHMAD FARID BIN ABD HAMID', '', '012-3200742', 'JURUTERA', 5000.00, 'ZULIANA BINTI ISHAK', '', '173200742', 'PENGURUS', 5000.00, '', '', '', '', 0.00, 'TIDAK', 'TIDAK', 'BERKAHWIN', 'PENGAKAP', 'AHLI BIASA', 'AHLI BIASA', '', 'AHLI BIASA', '', '012-3200742', 13, NULL),
(65, '583', '2021-03-01', '', 'AISYAH SAFIYYAH BINTI AHMAD FAIZ', 'Female', 'HIJAU', 'CZ51881', 'HOSPITAL AMPANG', '140722-10-1282', '2021-03-01', 'MALAY', 'ISLAM', 'Malaysia', 'C-18-07, SKYAWANI 3 RESIDENCE, JALAN SANTUARI 2, SETAPAK\n53200 KUALA LUMPUR\nWILAYAH PERSEKUTUAN KUALA LUMPUR', 'AHMAD FAIZ BIN ZUKEFELI', '', '011-24327397', 'EKSEKUTIF', 3000.00, 'NURULHUDA BINTI MAHZAN', '', '173595977', 'EKSEKUTIF', 3000.00, '', '', '', '', 0.00, 'TIDAK', 'TIDAK', 'BERKAHWIN', 'PPIM', 'AHLI BIASA', 'AHLI BIASA', '', 'AHLI BIASA', '', '011-24327397', 13, NULL),
(66, '584', '2021-03-01', '', 'AMNI MARDHIAH BINTI MOHD.YUSRI', 'Female', 'BIRU', 'CY53994', 'KUALA LUMPUR', '140121-14-0322', '2021-03-01', 'MALAY', 'ISLAM', 'Malaysia', '17 JALAN AU2A/6 TAMAN SRI KERAMAT\n54200 KUALA LUMPUR\nSELANGOR', 'MOHD YUSRI BIN MOHAMAD YUSOF', '', '018-2687574', 'PEMBANTU TADBIR', 2500.00, 'NUR HIDAYAH BINTI MAT JUSOH', '', '179377547', 'SURI RUMAH', 0.00, '', '', '', '', 0.00, 'TIDAK', 'TIDAK', 'BERKAHWIN', 'PPIM', 'AHLI BIASA', 'AHLI BIASA', '', 'AHLI BIASA', '', '018-2687574', 13, NULL),
(67, '585', '2021-03-01', '', 'CHE DAFIZ ISKANDAR BIN CHE MOHD KHIRRUL NIZAM', 'Male', 'MERAH', 'CY36183', 'HOSPITAL SHAH ALAM', '140130-10-1795', '2021-03-01', 'MALAY', 'ISLAM', 'Malaysia', 'NO 12 BLOK A FLAT PKNS JALAN ENGGANG TAMAN KERAMAT\n54200 KUALA LUMPUR\nWILAYAH PERSEKUTUAN KUALA LUMPUR', 'CHE MOHD KHIRRUL NIZAM BIN CHE AHMAD', '', '011-15777649', 'PELUKIS PELAN', 2500.00, 'NOOR ASHIKIN BINTI ISHAK', '', '173820242', 'SURI RUMAH', 0.00, '', '', '', '', 0.00, 'TIDAK', 'TIDAK', 'BERKAHWIN', 'PENGAKAP', 'AHLI BIASA', 'AHLI BIASA', '', 'AHLI BIASA', '', '011-15777649', 13, NULL),
(68, '586', '2021-03-01', '', 'DHIA INARA ZULAIKHA BINTI AHMAD DANIAL', 'Female', 'HIJAU', 'DB07036', 'KUALA LUMPUR', '140813-14-0674', '2021-03-01', 'MALAY', 'ISLAM', 'Malaysia', 'NO 3 LORONG KERAMAT 1\n54000 KUALA LUMPUR\nWILAYAH PERSEKUTUAN KUALA LUMPUR', 'AHMAD DANIAL BIN ZAHARI', '', '017-3199672', 'JURUTERA', 4200.00, 'NOORATIKAH BINTI RAZALI', '', '122422502', 'EKSEKUTIF', 3000.00, '', '', '', '', 0.00, 'TIDAK', 'TIDAK', 'BERKAHWIN', 'TKRS', 'AHLI BIASA', 'AHLI BIASA', '', 'AHLI BIASA', '', '017-3199672', 13, NULL),
(69, '587', '2021-03-01', '', 'DHIYA QISARA DAMIA BINTI MUHAMMAD ADIB', 'Female', 'MERAH', 'CY53932', 'KUALA LUMPUR', '140129-14-0720', '2021-03-01', 'MALAY', 'ISLAM', 'Malaysia', 'NO 26 JALAN WANGSA MURNI 1 WANGSA MELAWATI\n53300 KUALA LUMPUR\nWILAYAH PERSEKUTUAN KUALA LUMPUR', 'MUHAMMAD ADIB BIN KAMALUDIN', '', '017-2939634', 'JURUTERA', 5000.00, 'FAZILLAH BINTI JAMALUDIN', '', '122396346', 'PENGURUS', 7500.00, '', '', '', '', 0.00, 'TIDAK', 'TIDAK', 'BERKAHWIN', 'TKRS', 'AHLI BIASA', 'AHLI BIASA', '', 'AHLI BIASA', '', '017-2939634', 13, NULL),
(70, '588', '2021-03-01', '', 'HARRAZ RIFQI BIN KHAIRUL AZUAN', 'Male', 'BIRU', 'CY36587', 'KUALA LUMPUR', '140220-14-0239', '2021-03-01', 'MALAY', 'ISLAM', 'Malaysia', 'A-5-19, PANGSAPURI WAJA, TAMAN TUN PERAK, CHERAS,\n43200 CHERAS\nSELANGOR', 'KHAIRUL AZUAN BIN MUSA', '', '011-23238692', 'PEMBANTU TADBIR', 3000.00, 'SITI HAJAR BINTI SAIDIN', '', '176378453', 'SURI RUMAH', 0.00, '', '', '', '', 0.00, 'TIDAK', 'TIDAK', 'BERKAHWIN', 'PENGAKAP', 'AHLI BIASA', 'AHLI BIASA', '', 'AHLI BIASA', '', '011-23238692', 1, NULL),
(71, '589', '2021-03-01', '', 'IMAN ALISHA BINTI AHMAD AL-HAFIZ', 'Female', 'BIRU', 'CZ95333', 'SELANGOR', '140922-10-1858', '2021-03-01', 'MALAY', 'ISLAM', 'Malaysia', 'NO. 23, JALAN SETIAWANGSA 1A, TAMAN SETIAWANGSA\n54200 KUALA LUMPUR\nWILAYAH PERSEKUTUAN KUALA LUMPUR', 'AHMAD AL-HAFIZ BIN ABDUL AZIZ', '', '013-4474779', 'PEGAWAI TADBIR', 5000.00, 'NOR LIYANA BINTI BASRI', '', '133069399', 'AKAUNTAN', 5000.00, '', '', '', '', 0.00, 'TIDAK', 'TIDAK', 'BERKAHWIN', 'PPIM', 'AHLI BIASA', 'AHLI BIASA', '', 'AHLI BIASA', '', '013-4474779', 1, NULL),
(72, '590', '2021-03-01', '', 'MARYAM ALISHA BINTI AHMAD SHAHRIR', 'Female', 'KUNING', 'CY36111', 'KUALA LUMPUR', '140121-14-0766', '2021-03-01', 'MALAY', 'ISLAM', 'Malaysia', 'NO. 19, JALAN SETIAWANGSA 2A TAMAN SETIAWANGSA\n54200 KUALA LUMPUR\nWILAYAH PERSEKUTUAN KUALA LUMPUR', 'AHMAD SHAHRIR BIN MOHD SHAH', '', '019-3363303', 'JURUTERA', 9000.00, 'AZLINA BINTI AZIZ', '', '126793962', 'PEGAWAI BANK', 6000.00, '', '', '', '', 0.00, 'TIDAK', 'TIDAK', 'BERKAHWIN', 'PPIM', 'AHLI BIASA', 'AHLI BIASA', '', 'AHLI BIASA', '', '019-3363303', 13, NULL),
(73, '591', '2021-03-01', 'LITTLE CALIPH', 'MARYAM BINTI MOHAMAD YUSRIN', 'Female', 'HIJAU', 'CY24177', 'HOSPITAL KUALA LUMPUR', '140227-14-0672', '2021-03-01', 'MALAY', 'ISLAM', 'Malaysia', 'BLOK F-5-5 DESA WANGSA KERAMAT JALAN KERAMAT HUJUNG KAMPUNG DATUK KERAMAT\n54000 KUALA LUMPUR\nWILAYAH PERSEKUTUAN KUALA LUMPUR', 'MOHAMAD YUSRIN BIN YAHAYA', '', '017-4091253', 'TENTERA', 5000.00, 'NURUL AMIRA BINTI MUSTAFFA', '', '177342901', 'SURI RUMAH', 0.00, '', '', '', '', 0.00, 'TIDAK', 'TIDAK', 'BERKAHWIN', 'PPIM', 'AHLI BIASA', 'AHLI BIASA', '', 'AHLI BIASA', '', '017-4091253', 13, NULL),
(74, '592', '2021-03-01', '', 'MOHAMAD KHALISH ZAFRAN BIN MOHD KHAIRUL ANUAR', 'Male', 'KUNING', 'DB40788', 'HOSPITAL AMPANG', '140819-10-1639', '2021-03-01', 'MALAY', 'ISLAM', 'Malaysia', 'BF-1-18, BLOK F, JALAN PANDAN INDAH 5/20 PANDAN INDAH\n55100 KUALA LUMPUR\nWILAYAH PERSEKUTUAN KUALA LUMPUR', 'MOHD KHAIRUL ANUAR BIN MASNGOR', '', '017-6288834', 'PENGHANTAR', 2500.00, 'SHAKILA BINTI OTHMAN', '', '126640824', 'KERANI', 3000.00, '', '', '', '', 0.00, 'TIDAK', 'TIDAK', 'BERKAHWIN', 'TKRS', 'AHLI BIASA', 'AHLI BIASA', '', 'AHLI BIASA', '', '017-6288834', 13, NULL),
(75, '593', '2021-03-01', '', 'MOHAMAD QAYYUM RIZQI BIN MOHAMAD ROSDI', 'Male', 'MERAH', 'CY35773', 'HOSPITAL SHAH ALAM', '140103-10-0937', '2021-03-01', 'MALAY', 'ISLAM', 'Malaysia', 'KUARTERS INSTITUT JANTUNG NEGARA, UNIT 3, NO 5 JALAN DATO MENTERI SELATAN, OFF JALAN YAP KWAN SENG\n50450 KUALA LUMPUR\nWILAYAH PERSEKUTUAN KUALA LUMPUR', 'MOHAMAD ROSDI BIN OMAR', '', '012-3932730', 'JURUTEKNIK', 2000.00, 'NOR ZARINAH BINTI ZAINAL ABIDIN', '', '173199042', 'JURURAWAT', 3000.00, '', '', '', '', 0.00, 'TIDAK', 'TIDAK', 'BERKAHWIN', 'TKRS', 'AHLI BIASA', 'AHLI BIASA', '', 'AHLI BIASA', '', '012-3932730', 13, NULL),
(76, '594', '2021-03-01', '', 'MUHAMMAD AIDIL HAIKAL BIN HELMY', 'Male', 'HIJAU', 'CY98394', 'HOSPITAL KUALA LUMPUR', '140510-14-0131', '2021-03-01', 'MALAY', 'ISLAM', 'Malaysia', 'F-14-14 PPR JELATEK KAMPUNG DATUK KERAMAT\n54200 KUALA LUMPUR\nWILAYAH PERSEKUTUAN KUALA LUMPUR', 'HELMY BIN IBRAHIM', '', '017-3843799', 'JURUTEKNIK', 2300.00, 'NOREHAN BINTI ISMAIL', '', '173843799', 'SURI RUMAH', 0.00, '', '', '', '', 0.00, 'YA', 'TIDAK', 'BERKAHWIN', 'TKRS', 'AHLI BIASA', 'AHLI BIASA', '', 'AHLI BIASA', '', '017-3843799', 13, NULL),
(77, '595', '2021-03-01', '', 'MUHAMMAD AKHIL ISKANDAR BIN SHAHRUL FITRI', 'Male', 'BIRU', 'CZ36979', 'HOSPITAL KUALA LUMPUR', '140811-14-0695', '2021-03-01', 'MALAY', 'ISLAM', 'Malaysia', 'NO 44, JALAN REJANG 1, TAMAN SETAPAK JAYA\n53300 KUALA LUMPUR\nWILAYAH PERSEKUTUAN KUALA LUMPUR', 'SHAHRUL FITRI BIN MOHAMAD NOOR', '', '011-39217822', 'PENIAGA', 1500.00, 'NUR SHUHADA BINTI OMAR', '', '182498263', 'SURI RUMAH', 0.00, '', '', '', '', 0.00, 'YA', 'TIDAK', 'BERKAHWIN', 'TKRS', 'AHLI BIASA', 'AHLI BIASA', '', 'AHLI BIASA', '', '011-39217822', 13, NULL),
(78, '596', '2021-03-01', '', 'MUHAMMAD AQIL IRSYAD BIN SHARUL NIZAM', 'Male', 'HIJAU', 'CZ24357', 'HOSPITAL KUALA LUMPUR', '140227-14-0715', '2021-03-01', 'MALAY', 'ISLAM', 'Malaysia', 'A-12-11 PANGSAPURI BUKIT BARU JALAN KERAMAT HUJUNG\n54000 KUALA LUMPUR\nWILAYAH PERSEKUTUAN KUALA LUMPUR', 'SHARUL NIZAM BIN MOHD ROSLI', '', '011-37722606', 'PENGAWAL KESELAMATAN', 1900.00, 'NORFARAHIN BINTI MOHD FADZIL', '', '1128033626', 'SURI RUMAH', 0.00, '', '', '', '', 0.00, 'TIDAK', 'TIDAK', 'BERKAHWIN', 'TKRS', 'AHLI BIASA', 'AHLI BIASA', '', 'AHLI BIASA', '', '011-37722606', 13, NULL),
(79, '597', '2021-03-01', '', 'MUHAMMAD ARIQ ZAFRAN BIN MOHD AZLAN', 'Male', 'BIRU', 'CZ51999', 'HOSPITAL KUALA LUMPUR', '140727-14-0723', '2021-03-01', 'MALAY', 'ISLAM', 'Malaysia', 'NO. 7 LORONG SETIAWANGSA 12 TAMAN SETIAWANGSA\n54200 KUALA LUMPUR\nWILAYAH PERSEKUTUAN KUALA LUMPUR', 'MOHD AZLAN BIN ABDULLAH', '', '017-3200742', 'KERJA SENDIRI', 1500.00, 'NORAZLIN BINTI MOHAMED', '', '1111956570', 'KERJA SENDIRI', 1500.00, '', '', '', '', 0.00, 'TIDAK', 'TIDAK', 'BERKAHWIN', 'TKRS', 'AHLI BIASA', 'AHLI BIASA', '', 'AHLI BIASA', '', '017-3200742', 13, NULL),
(80, '598', '2021-03-01', '', 'MUHAMMAD FATTAH BIN ABDUL HALIM', 'Male', 'MERAH', 'CZ86187', 'PUTRAJAYA', '140510-16-0157', '2021-03-01', 'MALAY', 'ISLAM', 'Malaysia', 'NO 18 JALAN CHANTEK 5/5, OFF JALAN CHANTEK\n55100 KUALA LUMPUR\nWILAYAH PERSEKUTUAN KUALA LUMPUR', 'ABDUL HALIM BIN ABDUL AZIZ', '', '013-6409747', 'PEGAWAI KERAJAAN', 5000.00, 'NORHASLIZA BINTI HASSAN', '', '132353360', 'PEGAWAI KERAJAAN', 5000.00, '', '', '', '', 0.00, 'TIDAK', 'TIDAK', 'BERKAHWIN', 'TKRS', 'AHLI BIASA', 'AHLI BIASA', '', 'AHLI BIASA', '', '013-6409747', 13, NULL),
(81, '599', '2021-03-01', '', 'MUHAMMAD HAYQAL BIN HASROL', 'Male', 'MERAH', 'CY36113', 'KUALA LUMPUR', '140121-14-0995', '2021-03-01', 'MALAY', 'ISLAM', 'Malaysia', 'NO 36 LORONG KERAMAT 1 KAMPUNG DATUK KERAMAT\n54000 KUALA LUMPUR\nWILAYAH PERSEKUTUAN KUALA LUMPUR', 'HASROL BIN HASHIM', '', '017-3199042', 'PEMANDU', 3000.00, 'SITI MURNI BINTI SAADON', '', '173199042', 'SURI RUMAH', 0.00, '', '', '', '', 0.00, 'TIDAK', 'TIDAK', 'BERKAHWIN', 'TKRS', 'AHLI BIASA', 'AHLI BIASA', '', 'AHLI BIASA', '', '017-3199042', 13, NULL),
(82, '600', '2021-03-01', '', 'MUHAMMAD IDZNI MIKHAIL BIN MOHD ISWANDY', 'Male', 'MERAH', 'CZ95325', 'PUTRAJAYA', '140922-16-0199', '2021-03-01', 'MALAY', 'ISLAM', 'Malaysia', 'A-22-3A RESIDENSI HIJAUAN LUMAYAN, TAMAN NAGA EMAS, SALAK SELATAN\n57100 KUALA LUMPUR\nWILAYAH PERSEKUTUAN KUALA LUMPUR', 'MOHD ISWANDY BIN AHMAD', '', '011-23652030', 'TENTERA', 5000.00, 'SITI ZALEKHA BINTI ZAKARIA', '', '133180749', 'GURU', 5000.00, '', '', '', '', 0.00, 'TIDAK', 'TIDAK', 'BERKAHWIN', 'PENGAKAP', 'AHLI BIASA', 'AHLI BIASA', '', 'AHLI BIASA', '', '011-23652030', 13, NULL),
(83, '601', '2021-03-01', '', 'MUHAMMAD IMAN HARRAZ BIN MOHAMAD FAHMI', 'Male', 'MERAH', 'CZ24597', 'SELANGOR', '140324-10-1845', '2021-03-01', 'MALAY', 'ISLAM', 'Malaysia', 'NO 33, JALAN WANGSA MURNI 1 WANGSA MELAWATI\n53300 KUALA LUMPUR\nWILAYAH PERSEKUTUAN KUALA LUMPUR', 'MOHAMAD FAHMI BIN SAAD', '', '012-6119560', 'JURUTEKNIK', 7500.00, 'NORAZLIN BINTI MOHD NOOR', '', '129707253', 'AKAUNTAN', 8500.00, '', '', '', '', 0.00, 'TIDAK', 'TIDAK', 'BERKAHWIN', 'TKRS', 'AHLI BIASA', 'AHLI BIASA', '', 'AHLI BIASA', '', '012-6119560', 13, NULL),
(84, '602', '2021-03-01', '', 'MUHAMMAD NOOR IKHWAN BIN NOOR AZLAN', 'Male', 'HIJAU', 'DA15065', 'SELANGOR', '140926-10-1281', '2021-03-01', 'MALAY', 'ISLAM', 'Malaysia', 'NO. 22 JALAN AU1A/4C TAMAN KERAMAT PERMAI\n54200 KUALA LUMPUR\nWILAYAH PERSEKUTUAN KUALA LUMPUR', 'NOOR AZLAN BIN NOOR HISHAM', '', '017-3620703', 'JURUTERA', 4000.00, 'NURULHUDA BINTI ABDUL HALIM', '', '126297343', 'PEGAWAI TADBIR', 3000.00, '', '', '', '', 0.00, 'TIDAK', 'TIDAK', 'BERKAHWIN', 'TKRS', 'AHLI BIASA', 'AHLI BIASA', '', 'AHLI BIASA', '', '017-3620703', 13, NULL),
(85, '603', '2021-03-01', '', 'MUHAMMAD THAQIF RAYYAN BIN MUHAMAD ASYRAF', 'Male', 'HIJAU', 'CY36636', 'SELANGOR', '140212-10-1175', '2021-03-01', 'MALAY', 'ISLAM', 'Malaysia', 'NO. 33, JALAN CHANTEK 5/5 OFF JALAN CHANTEK\n55100 KUALA LUMPUR\nWILAYAH PERSEKUTUAN KUALA LUMPUR', 'MUHAMAD ASYRAF BIN CHE ISMAIL', '', '013-6409747', 'JURUTERA', 5000.00, 'NURULHUDA BINTI MOHD ROSLI', '', '172522770', 'SURI RUMAH', 0.00, '', '', '', '', 0.00, 'TIDAK', 'TIDAK', 'BERKAHWIN', 'TKRS', 'AHLI BIASA', 'AHLI BIASA', '', 'AHLI BIASA', '', '013-6409747', 13, NULL),
(86, '604', '2021-03-01', '', 'MUHAMMAD WAFIY HILMAN BIN ROZAIDEE', 'Male', 'HIJAU', 'DB40784', 'KUALA LUMPUR', '140825-14-0683', '2021-03-01', 'MALAY', 'ISLAM', 'Malaysia', 'A-13-13 PANGSAPURI BUKIT BARU JALAN KERAMAT HUJUNG\n54000 KUALA LUMPUR\nWILAYAH PERSEKUTUAN KUALA LUMPUR', 'ROZAIDEE BIN RAMLI', '', '012-6323447', 'JURUTEKNIK', 2000.00, 'MAIZATUL AKMAL BINTI MAT YUSOF', '', '173595462', 'KERANI', 2000.00, '', '', '', '', 0.00, 'TIDAK', 'TIDAK', 'BERKAHWIN', 'TKRS', 'AHLI BIASA', 'AHLI BIASA', '', 'AHLI BIASA', '', '012-6323447', 13, NULL),
(87, '605', '2021-03-01', '', 'MUHAMMAD WAFIQ ZAFRAN BIN KHAIRUL AZMI', 'Male', 'KUNING', 'CZ86552', 'HOSPITAL KUALA LUMPUR', '140516-14-0391', '2021-03-01', 'MALAY', 'ISLAM', 'Malaysia', 'NO. 22A, LORONG 3 KAMPUNG DESA PAHLAWAN\n55100 KUALA LUMPUR\nWILAYAH PERSEKUTUAN KUALA LUMPUR', 'KHAIRUL AZMI BIN ZAINAL ABIDIN', '', '017-3155700', 'PEMANDU', 2500.00, 'NOR HAFIZA BINTI JAMALUDDIN', '', '173155700', 'SURI RUMAH', 0.00, '', '', '', '', 0.00, 'TIDAK', 'TIDAK', 'BERKAHWIN', 'PENGAKAP', 'AHLI BIASA', 'AHLI BIASA', '', 'AHLI BIASA', '', '017-3155700', 13, NULL),
(88, '606', '2021-03-01', '', 'NIK AISYA QAISARAH BINTI NIK KAMARULZAMAN', 'Female', 'MERAH', 'CY53919', 'KUALA LUMPUR', '140129-14-0136', '2021-03-01', 'MALAY', 'ISLAM', 'Malaysia', 'NO. 23, JALAN SETIAWANGSA 2A TAMAN SETIAWANGSA\n54200 KUALA LUMPUR\nWILAYAH PERSEKUTUAN KUALA LUMPUR', 'NIK KAMARULZAMAN BIN NIK IBRAHIM', '', '019-3363303', 'PEGAWAI BANK', 8000.00, 'ROSNANI BINTI ABDUL RAHMAN', '', '192770287', 'SURI RUMAH', 0.00, '', '', '', '', 0.00, 'TIDAK', 'TIDAK', 'BERKAHWIN', 'PPIM', 'AHLI BIASA', 'AHLI BIASA', '', 'AHLI BIASA', '', '019-3363303', 13, NULL),
(89, '607', '2021-03-01', '', 'NIK RAYYAN ISKANDAR BIN NIK MOHAMAD AFFANDI', 'Male', 'BIRU', 'CZ86678', 'KUALA LUMPUR', '140523-14-0177', '2021-03-01', 'MALAY', 'ISLAM', 'Malaysia', 'NO 3 LORONG SETIAWANGSA 12 TAMAN SETIAWANGSA\n54200 KUALA LUMPUR\nWILAYAH PERSEKUTUAN KUALA LUMPUR', 'NIK MOHAMAD AFFANDI BIN NIK MAHMUD', '', '011-39217822', 'JURUTERA', 5000.00, 'NORAZLINA BINTI MOHAMED', '', '196695279', 'PENGURUS', 5000.00, '', '', '', '', 0.00, 'TIDAK', 'TIDAK', 'BERKAHWIN', 'PENGAKAP', 'AHLI BIASA', 'AHLI BIASA', '', 'AHLI BIASA', '', '011-39217822', 13, NULL),
(90, '608', '2021-03-01', '', 'NOOR AIRIS INSYIRAH BINTI NOOR AZMI', 'Female', 'HIJAU', 'CZ86676', 'KUALA LUMPUR', '140523-14-0156', '2021-03-01', 'MALAY', 'ISLAM', 'Malaysia', 'NO 12A, JALAN AU 1A/4C TAMAN KERAMAT PERMAI\n54200 KUALA LUMPUR\nWILAYAH PERSEKUTUAN KUALA LUMPUR', 'NOOR AZMI BIN AHMAD', '', '019-3693738', 'JURUTERA', 4000.00, 'NORLIZA BINTI MOHAMED', '', '193693738', 'GURU', 4000.00, '', '', '', '', 0.00, 'TIDAK', 'TIDAK', 'BERKAHWIN', 'TKRS', 'AHLI BIASA', 'AHLI BIASA', '', 'AHLI BIASA', '', '019-3693738', 13, NULL);
INSERT INTO `students` (`student_id`, `school_register_no`, `enrollment_date`, `previous_school`, `student_name`, `gender`, `sports_house`, `birth_cert_no`, `birth_place`, `ic_no`, `birthdate`, `race`, `religion`, `nationality`, `address`, `father_name`, `father_ic`, `father_phone`, `father_job`, `father_salary`, `mother_name`, `mother_ic`, `mother_phone`, `mother_job`, `mother_salary`, `guardian_name`, `guardian_ic`, `guardian_phone`, `guardian_job`, `guardian_salary`, `is_baitulmal_recipient`, `is_orphan`, `parents_marital_status`, `uniform_unit`, `uniform_position`, `club_association`, `club_position`, `sports_game`, `sports_position`, `phone`, `class_id`, `photo`) VALUES
(91, '609', '2021-03-01', '', 'NUR ALEESYA AZ-ZAHRA BINTI ABDULLAH', 'Female', 'KUNING', 'CZ86738', 'KUALA LUMPUR', '140523-14-0694', '2021-03-01', 'MALAY', 'ISLAM', 'Malaysia', 'NO. 22A, LORONG 3 KAMPUNG DESA PAHLAWAN\n55100 KUALA LUMPUR\nWILAYAH PERSEKUTUAN KUALA LUMPUR', 'ABDULLAH BIN ABDUL RAHMAN', '', '012-3200742', 'PEMANDU', 2500.00, 'SITI HAJAR BINTI SAIDIN', '', '173155700', 'SURI RUMAH', 0.00, '', '', '', '', 0.00, 'TIDAK', 'TIDAK', 'BERKAHWIN', 'PPIM', 'AHLI BIASA', 'AHLI BIASA', '', 'AHLI BIASA', '', '012-3200742', 13, NULL),
(92, '610', '2021-03-01', '', 'NUR ALISHA IMANI BINTI MOHD FIRDAUS', 'Female', 'BIRU', 'CZ95474', 'KUALA LUMPUR', '140927-14-0238', '2021-03-01', 'MALAY', 'ISLAM', 'Malaysia', 'NO 3 LORONG SETIAWANGSA 12 TAMAN SETIAWANGSA\n54200 KUALA LUMPUR\nWILAYAH PERSEKUTUAN KUALA LUMPUR', 'MOHD FIRDAUS BIN ABDUL RAHMAN', '', '017-3200742', 'JURUTERA', 5000.00, 'NORAZLINA BINTI MOHAMED', '', '196695279', 'PENGURUS', 5000.00, '', '', '', '', 0.00, 'TIDAK', 'TIDAK', 'BERKAHWIN', 'TKRS', 'AHLI BIASA', 'AHLI BIASA', '', 'AHLI BIASA', '', '017-3200742', 13, NULL),
(93, '611', '2021-03-01', '', 'NUR AMANI ZAHRA BINTI ZULKIFLI', 'Female', 'HIJAU', 'DB07037', 'KUALA LUMPUR', '140813-14-0672', '2021-03-01', 'MALAY', 'ISLAM', 'Malaysia', 'NO 3 LORONG KERAMAT 1\n54000 KUALA LUMPUR\nWILAYAH PERSEKUTUAN KUALA LUMPUR', 'ZULKIFLI BIN ABDULLAH', '', '017-3199672', 'JURUTERA', 4200.00, 'NOORATIKAH BINTI RAZALI', '', '122422502', 'EKSEKUTIF', 3000.00, '', '', '', '', 0.00, 'TIDAK', 'TIDAK', 'BERKAHWIN', 'TKRS', 'AHLI BIASA', 'AHLI BIASA', '', 'AHLI BIASA', '', '017-3199672', 13, NULL),
(94, '612', '2021-03-01', '', 'NUR AWLIYA MIKAYLA BINTI MOHD FAZLI', 'Female', 'MERAH', 'CY36112', 'KUALA LUMPUR', '140121-14-0994', '2021-03-01', 'MALAY', 'ISLAM', 'Malaysia', 'NO 36 LORONG KERAMAT 1 KAMPUNG DATUK KERAMAT\n54000 KUALA LUMPUR\nWILAYAH PERSEKUTUAN KUALA LUMPUR', 'MOHD FAZLI BIN ABDUL RAHMAN', '', '017-3199042', 'PEMANDU', 3000.00, 'SITI MURNI BINTI SAADON', '', '173199042', 'SURI RUMAH', 0.00, '', '', '', '', 0.00, 'TIDAK', 'TIDAK', 'BERKAHWIN', 'TKRS', 'AHLI BIASA', 'AHLI BIASA', '', 'AHLI BIASA', '', '017-3199042', 13, NULL),
(95, '613', '2021-03-01', '', 'NUR IMAN ZULAIKHA BINTI ABDUL RAHMAN', 'Female', 'MERAH', 'CY36184', 'HOSPITAL SHAH ALAM', '140130-10-1794', '2021-03-01', 'MALAY', 'ISLAM', 'Malaysia', 'NO 12 BLOK A FLAT PKNS JALAN ENGGANG TAMAN KERAMAT\n54200 KUALA LUMPUR\nWILAYAH PERSEKUTUAN KUALA LUMPUR', 'ABDUL RAHMAN BIN ABDULLAH', '', '011-15777649', 'PELUKIS PELAN', 2500.00, 'NOOR ASHIKIN BINTI ISHAK', '', '173820242', 'SURI RUMAH', 0.00, '', '', '', '', 0.00, 'TIDAK', 'TIDAK', 'BERKAHWIN', 'PPIM', 'AHLI BIASA', 'AHLI BIASA', '', 'AHLI BIASA', '', '011-15777649', 13, NULL),
(96, '614', '2021-03-01', '', 'NUR QISYA AMANI BINTI MOHAMAD AZLAN', 'Female', 'BIRU', 'CZ52000', 'HOSPITAL KUALA LUMPUR', '140727-14-0724', '2021-03-01', 'MALAY', 'ISLAM', 'Malaysia', 'NO. 7 LORONG SETIAWANGSA 12 TAMAN SETIAWANGSA\n54200 KUALA LUMPUR\nWILAYAH PERSEKUTUAN KUALA LUMPUR', 'MOHAMAD AZLAN BIN ABDULLAH', '', '017-3200742', 'KERJA SENDIRI', 1500.00, 'NORAZLIN BINTI MOHAMED', '', '1111956570', 'KERJA SENDIRI', 1500.00, '', '', '', '', 0.00, 'TIDAK', 'TIDAK', 'BERKAHWIN', 'TKRS', 'AHLI BIASA', 'AHLI BIASA', '', 'AHLI BIASA', '', '017-3200742', 13, NULL),
(97, '32', '2021-01-20', '', 'SARAH NUR SUMAYYAH BINTI KHAIRUL ANWAR', 'PEREMPUAN', 'KUNING', 'DB07524', 'KPJ TAWAKKAL, KL', '141024-14-0876', '2021-01-20', 'MALAY', 'ISLAM', 'Malaysia', '6-8,ALPHA VILLA APARTMENT,JALAN 2/27A WANGSA MAJU,53300 KUALA LUMPUR, WILAYAH PERSEKUTUAN KUALA LUMPUR', 'KHAIRUL ANWAR BIN MOHAMAD KHAIRI', '', '011-1574252', 'JURU ANALISA', 11000.00, 'TENGKU AISHA FATEHA BINTI TENGKU AHMAD BADRUL SHAH', '', '019-3927937', 'JURU ANALISA', 10000.00, '', '', '', '', 0.00, 'TIDAK', 'TIDAK', 'BERKAHWIN', 'Persatuan Puteri Islam Malaysia (PPIM)', '', 'Kelab Alam Sekitar', '', 'Bola Baling', '', '011-1574252', 13, NULL),
(98, '33', '2021-03-01', '', 'SYED MUHAMMAD ILMI BIN SYED HASNAN', 'LELAKI', 'KUNING', 'CY51105', 'HOSPITAL AMPANG', '140102-10-0323', '2021-03-01', 'MALAY', 'ISLAM', 'Malaysia', 'NO. 22B, LORONG 3, KAMPUNG DESA PAHLAWAN\n55100 KUALA LUMPUR\nWILAYAH PERSEKUTUAN KUALA LUMPUR', 'SYED HASNAN BIN SYED MOHAMED', '', '019-3559303', 'JURUTERA', 16000.00, 'RAJA HUDA BINTI RAJA SEHAR', '', '012-4518654', 'JURUTERA', 16000.00, '', '', '', '', 0.00, 'TIDAK', 'TIDAK', 'BERKAHWIN', 'PENGAKAP', 'AHLI BIASA', 'AHLI BIASA', '', 'AHLI BIASA', '', '019-3559303', 13, NULL),
(99, '658', '2022-03-21', '', 'ADRIANA MARISSA BINTI MUHAMMAD ADIB', 'PEREMPUAN', 'MERAH', 'DC72253', 'KUALA LUMPUR', '150123-14-0300', '2022-03-21', 'MALAY', 'ISLAM', 'Malaysia', '14, JALAN WANGSA MURNI 6\n53300 KUALA LUMPUR\nWILAYAH PERSEKUTUAN KUALA LUMPUR', 'MUHAMMAD ADIB BIN KAMALUDIN', '', '012-2573642', 'JURUTERA', 5000.00, 'FAZILLAH BINTI JAMALUDIN', '', '012-2396346', 'PENGURUS', 7500.00, '', '', '', '', 0.00, 'TIDAK', 'TIDAK', 'BERKAHWIN', '', '', '', '', '', '', '012-2573642', 1, NULL),
(100, '659', '2022-03-21', '', 'AFIA QISTINA BINTI MOHD FADZLIN', 'PEREMPUAN', 'BIRU', 'DE01353', 'SELANGOR', '150722-10-1854', '2022-03-21', 'MALAY', 'ISLAM', 'Malaysia', 'NO 19-2-2 KUARTERS SRI MUTIARA JLN SETIAWANGSA\n54200 \nWILAYAH PERSEKUTUAN KUALA LUMPUR', 'MOHD FADZLIN BIN AMINUDDIN', '', '019-3044511', 'JURUTEKNIK', 3854.00, 'NURHAZIRAH BINTI ABDAN', '', '013-5355313', 'JURU ANALISA', 4001.00, '', '', '', '', 0.00, 'TIDAK', 'TIDAK', 'BERKAHWIN', '', '', '', '', '', '', '019-3044511', 1, NULL),
(101, '660', '2022-03-21', '', 'AHMAD ALIF IMAN BIN AHMAD FARID', 'LELAKI', 'HIJAU', 'DC72251', 'SELANGOR', '150226-10-1861', '2022-03-21', 'MALAY', 'ISLAM', 'Malaysia', '12 JALAN 7/1 TAMAN TAR\n68000 AMPANG\nSELANGOR', 'AHMAD FARID BIN ABDUL MANAF', '', '012-3200742', 'BEKERJA SENDIRI', 1000.00, 'FATMAH BINTI ABDUL GHANI', '', '012-2008434', 'SURI RUMAH', 0.00, '', '', '', '', 0.00, 'YA', 'TIDAK', 'BERKAHWIN', '', '', '', '', '', '', '012-3200742', 12, NULL),
(102, '661', '2022-03-21', '', 'AHMAD DANISH BIN AHMAD DANIAL', 'LELAKI', 'KUNING', 'DE01445', 'KUALA LUMPUR', '150813-14-0675', '2022-03-21', 'MALAY', 'ISLAM', 'Malaysia', 'NO 3 LORONG KERAMAT 1\n54000 KUALA LUMPUR\nWILAYAH PERSEKUTUAN KUALA LUMPUR', 'AHMAD DANIAL BIN ZAHARI', '', '017-3199672', 'JURUTERA', 4200.00, 'NOORATIKAH BINTI RAZALI', '', '012-2422502', 'EKSEKUTIF', 3000.00, '', '', '', '', 0.00, 'TIDAK', 'TIDAK', 'BERKAHWIN', '', '', '', '', '', '', '017-3199672', 12, NULL),
(103, '662', '2022-03-21', '', 'AHMAD NAQIB BIN AHMAD NAJIB', 'LELAKI', 'BIRU', 'DC72252', 'KUALA LUMPUR', '150220-14-0241', '2022-03-21', 'MALAY', 'ISLAM', 'Malaysia', 'A-5-19, PANGSAPURI WAJA, TAMAN TUN PERAK, CHERAS,\n43200 CHERAS\nSELANGOR', 'AHMAD NAJIB BIN AHMAD', '', '011-23238692', 'PEMBANTU TADBIR', 3000.00, 'SITI HAJAR BINTI SAIDIN', '', '017-6378453', 'SURI RUMAH', 0.00, '', '', '', '', 0.00, 'TIDAK', 'TIDAK', 'BERKAHWIN', '', '', '', '', '', '', '011-23238692', 12, NULL),
(104, '663', '2022-03-21', '', 'AISYAH ZULAIKHA BINTI MOHD ZULHILMI', 'PEREMPUAN', 'MERAH', 'DC72254', 'SELANGOR', '150130-10-1796', '2022-03-21', 'MALAY', 'ISLAM', 'Malaysia', 'NO 12 BLOK A FLAT PKNS JALAN ENGGANG TAMAN KERAMAT\n54200 KUALA LUMPUR\nWILAYAH PERSEKUTUAN KUALA LUMPUR', 'MOHD ZULHILMI BIN MOHD AMINUDDIN', '', '011-15777649', 'PELUKIS PELAN', 2500.00, 'NOOR ASHIKIN BINTI ISHAK', '', '017-3820242', 'SURI RUMAH', 0.00, '', '', '', '', 0.00, 'TIDAK', 'TIDAK', 'BERKAHWIN', '', '', '', '', '', '', '011-15777649', 12, NULL),
(105, '664', '2022-03-21', '', 'AMNI SYAFIQAH BINTI ABDUL HADI', 'PEREMPUAN', 'KUNING', 'DC72255', 'KUALA LUMPUR', '150121-14-0767', '2022-03-21', 'MALAY', 'ISLAM', 'Malaysia', 'NO. 19, JALAN SETIAWANGSA 2A TAMAN SETIAWANGSA\n54200 KUALA LUMPUR\nWILAYAH PERSEKUTUAN KUALA LUMPUR', 'ABDUL HADI BIN ABDUL RAHMAN', '', '019-3363303', 'JURUTERA', 9000.00, 'AZLINA BINTI AZIZ', '', '012-6793962', 'PEGAWAI BANK', 6000.00, '', '', '', '', 0.00, 'TIDAK', 'TIDAK', 'BERKAHWIN', '', '', '', '', '', '', '019-3363303', 12, NULL),
(106, '665', '2022-03-21', '', 'CHE INTAN PAYUNG BINTI CHE MOHD KHIRRUL NIZAM', 'PEREMPUAN', 'HIJAU', 'DC72256', 'SELANGOR', '150130-10-1797', '2022-03-21', 'MALAY', 'ISLAM', 'Malaysia', 'NO 12 BLOK A FLAT PKNS JALAN ENGGANG TAMAN KERAMAT\n54200 KUALA LUMPUR\nWILAYAH PERSEKUTUAN KUALA LUMPUR', 'CHE MOHD KHIRRUL NIZAM BIN CHE AHMAD', '', '011-15777649', 'PELUKIS PELAN', 2500.00, 'NOOR ASHIKIN BINTI ISHAK', '', '017-3820242', 'SURI RUMAH', 0.00, '', '', '', '', 0.00, 'TIDAK', 'TIDAK', 'BERKAHWIN', '', '', '', '', '', '', '011-15777649', 12, NULL),
(107, '666', '2022-03-21', '', 'DHIA INSYIRAH BINTI MOHD DHANY', 'PEREMPUAN', 'BIRU', 'DC72257', 'KUALA LUMPUR', '150120-14-0734', '2022-03-21', 'MALAY', 'ISLAM', 'Malaysia', 'D2-25-1 RESIDENSI BANDAR RAZAK\n56000 KUALA LUMPUR\nWILAYAH PERSEKUTUAN KUALA LUMPUR', 'MOHD DHANY BIN MOHD NOR', '', '019-3251007', 'TENTERA', 9657.00, 'NOOR FATEHAH BINTI SHAFIEE', '', '017-2392984', 'SETIAUSAHA', 5037.00, '', '', '', '', 0.00, 'TIDAK', 'TIDAK', 'BERKAHWIN', '', '', '', '', '', '', '019-3251007', 12, NULL),
(108, '667', '2022-03-21', '', 'HARRAZ NAUFAL BIN KHAIRUL AZUAN', 'LELAKI', 'MERAH', 'DC72258', 'KUALA LUMPUR', '150220-14-0242', '2022-03-21', 'MALAY', 'ISLAM', 'Malaysia', 'A-5-19, PANGSAPURI WAJA, TAMAN TUN PERAK, CHERAS,\n43200 CHERAS\nSELANGOR', 'KHAIRUL AZUAN BIN MUSA', '', '011-23238692', 'PEMBANTU TADBIR', 3000.00, 'SITI HAJAR BINTI SAIDIN', '', '017-6378453', 'SURI RUMAH', 0.00, '', '', '', '', 0.00, 'TIDAK', 'TIDAK', 'BERKAHWIN', '', '', '', '', '', '', '011-23238692', 12, NULL),
(109, '668', '2022-03-21', '', 'IMAN ZULAIKHA BINTI AHMAD AL-HAFIZ', 'PEREMPUAN', 'HIJAU', 'DE01446', 'SELANGOR', '150922-10-1859', '2022-03-21', 'MALAY', 'ISLAM', 'Malaysia', 'NO. 23, JALAN SETIAWANGSA 1A, TAMAN SETIAWANGSA\n54200 KUALA LUMPUR\nWILAYAH PERSEKUTUAN KUALA LUMPUR', 'AHMAD AL-HAFIZ BIN ABDUL AZIZ', '', '013-4474779', 'PEGAWAI TADBIR', 5000.00, 'NOR LIYANA BINTI BASRI', '', '013-3069399', 'AKAUNTAN', 5000.00, '', '', '', '', 0.00, 'TIDAK', 'TIDAK', 'BERKAHWIN', '', '', '', '', '', '', '013-4474779', 12, NULL),
(110, '669', '2022-03-21', '', 'MUHAMMAD AIDIL HAKIM BIN HELMY', 'LELAKI', 'KUNING', 'DE01354', 'KUALA LUMPUR', '150510-14-0132', '2022-03-21', 'MALAY', 'ISLAM', 'Malaysia', 'F-14-14 PPR JELATEK KAMPUNG DATUK KERAMAT\n54200 KUALA LUMPUR\nWILAYAH PERSEKUTUAN KUALA LUMPUR', 'HELMY BIN IBRAHIM', '', '017-3843799', 'JURUTEKNIK', 2300.00, 'NOREHAN BINTI ISMAIL', '', '017-3843799', 'SURI RUMAH', 0.00, '', '', '', '', 0.00, 'YA', 'TIDAK', 'BERKAHWIN', '', '', '', '', '', '', '017-3843799', 12, NULL),
(111, '670', '2022-03-21', '', 'MUHAMMAD AKHIL IMAN BIN SHAHRUL FITRI', 'LELAKI', 'BIRU', 'DE01447', 'KUALA LUMPUR', '150811-14-0696', '2022-03-21', 'MALAY', 'ISLAM', 'Malaysia', 'NO 44, JALAN REJANG 1, TAMAN SETAPAK JAYA\n53300 KUALA LUMPUR\nWILAYAH PERSEKUTUAN KUALA LUMPUR', 'SHAHRUL FITRI BIN MOHAMAD NOOR', '', '011-39217822', 'PENIAGA', 1500.00, 'NUR SHUHADA BINTI OMAR', '', '018-2498263', 'SURI RUMAH', 0.00, '', '', '', '', 0.00, 'YA', 'TIDAK', 'BERKAHWIN', '', '', '', '', '', '', '011-39217822', 12, NULL),
(112, '671', '2022-03-21', '', 'MUHAMMAD AQIL IMAN BIN SHARUL NIZAM', 'LELAKI', 'MERAH', 'DC72259', 'KUALA LUMPUR', '150227-14-0716', '2022-03-21', 'MALAY', 'ISLAM', 'Malaysia', 'A-12-11 PANGSAPURI BUKIT BARU JALAN KERAMAT HUJUNG\n54000 KUALA LUMPUR\nWILAYAH PERSEKUTUAN KUALA LUMPUR', 'SHARUL NIZAM BIN MOHD ROSLI', '', '011-37722606', 'PENGAWAL KESELAMATAN', 1900.00, 'NORFARAHIN BINTI MOHD FADZIL', '', '011-28033626', 'SURI RUMAH', 0.00, '', '', '', '', 0.00, 'TIDAK', 'TIDAK', 'BERKAHWIN', '', '', '', '', '', '', '011-37722606', 11, NULL),
(113, '672', '2022-03-21', '', 'MUHAMMAD ARIQ ZAFRAN BIN MOHD AZLAN', 'LELAKI', 'KUNING', 'DE01355', 'KUALA LUMPUR', '150727-14-0724', '2022-03-21', 'MALAY', 'ISLAM', 'Malaysia', 'NO. 7 LORONG SETIAWANGSA 12 TAMAN SETIAWANGSA\n54200 KUALA LUMPUR\nWILAYAH PERSEKUTUAN KUALA LUMPUR', 'MOHD AZLAN BIN ABDULLAH', '', '017-3200742', 'KERJA SENDIRI', 1500.00, 'NORAZLIN BINTI MOHAMED', '', '011-11956570', 'KERJA SENDIRI', 1500.00, '', '', '', '', 0.00, 'TIDAK', 'TIDAK', 'BERKAHWIN', '', '', '', '', '', '', '017-3200742', 11, NULL),
(114, '673', '2022-03-21', '', 'MUHAMMAD FATTAH BIN ABDUL HALIM', 'LELAKI', 'HIJAU', 'DE01356', 'PUTRAJAYA', '150510-16-0158', '2022-03-21', 'MALAY', 'ISLAM', 'Malaysia', 'NO 18 JALAN CHANTEK 5/5, OFF JALAN CHANTEK\n55100 KUALA LUMPUR\nWILAYAH PERSEKUTUAN KUALA LUMPUR', 'ABDUL HALIM BIN ABDUL AZIZ', '', '013-6409747', 'PEGAWAI KERAJAAN', 5000.00, 'NORHASLIZA BINTI HASSAN', '', '013-2353360', 'PEGAWAI KERAJAAN', 5000.00, '', '', '', '', 0.00, 'TIDAK', 'TIDAK', 'BERKAHWIN', '', '', '', '', '', '', '013-6409747', 12, NULL),
(115, '674', '2022-03-21', '', 'MUHAMMAD HAYQAL BIN HASROL', 'LELAKI', 'BIRU', 'DC72260', 'KUALA LUMPUR', '150121-14-0996', '2022-03-21', 'MALAY', 'ISLAM', 'Malaysia', 'NO 36 LORONG KERAMAT 1 KAMPUNG DATUK KERAMAT\n54000 KUALA LUMPUR\nWILAYAH PERSEKUTUAN KUALA LUMPUR', 'HASROL BIN HASHIM', '', '017-3199042', 'PEMANDU', 3000.00, 'SITI MURNI BINTI SAADON', '', '017-3199042', 'SURI RUMAH', 0.00, '', '', '', '', 0.00, 'TIDAK', 'TIDAK', 'BERKAHWIN', '', '', '', '', '', '', '017-3199042', 12, NULL),
(116, '675', '2022-03-21', '', 'MUHAMMAD IDZNI MIKHAIL BIN MOHD ISWANDY', 'LELAKI', 'MERAH', 'DE01448', 'PUTRAJAYA', '150922-16-0200', '2022-03-21', 'MALAY', 'ISLAM', 'Malaysia', 'A-22-3A RESIDENSI HIJAUAN LUMAYAN, TAMAN NAGA EMAS, SALAK SELATAN\n57100 KUALA LUMPUR\nWILAYAH PERSEKUTUAN KUALA LUMPUR', 'MOHD ISWANDY BIN AHMAD', '', '011-23652030', 'TENTERA', 5000.00, 'SITI ZALEKHA BINTI ZAKARIA', '', '013-3180749', 'GURU', 5000.00, '', '', '', '', 0.00, 'TIDAK', 'TIDAK', 'BERKAHWIN', '', '', '', '', '', '', '011-23652030', 12, NULL),
(117, '676', '2022-03-21', '', 'MUHAMMAD IMAN HARRAZ BIN MOHAMAD FAHMI', 'LELAKI', 'KUNING', 'DC72261', 'SELANGOR', '150324-10-1846', '2022-03-21', 'MALAY', 'ISLAM', 'Malaysia', 'NO 33, JALAN WANGSA MURNI 1 WANGSA MELAWATI\n53300 KUALA LUMPUR\nWILAYAH PERSEKUTUAN KUALA LUMPUR', 'MOHAMAD FAHMI BIN SAAD', '', '012-6119560', 'JURUTEKNIK', 7500.00, 'NORAZLIN BINTI MOHD NOOR', '', '012-9707253', 'AKAUNTAN', 8500.00, '', '', '', '', 0.00, 'TIDAK', 'TIDAK', 'BERKAHWIN', '', '', '', '', '', '', '012-6119560', 12, NULL),
(118, '677', '2022-03-21', '', 'MUHAMMAD NOOR IKHWAN BIN NOOR AZLAN', 'LELAKI', 'HIJAU', 'DE01449', 'SELANGOR', '150926-10-1282', '2022-03-21', 'MALAY', 'ISLAM', 'Malaysia', 'NO. 22 JALAN AU1A/4C TAMAN KERAMAT PERMAI\n54200 KUALA LUMPUR\nWILAYAH PERSEKUTUAN KUALA LUMPUR', 'NOOR AZLAN BIN NOOR HISHAM', '', '017-3620703', 'JURUTERA', 4000.00, 'NURULHUDA BINTI ABDUL HALIM', '', '012-6297343', 'PEGAWAI TADBIR', 3000.00, '', '', '', '', 0.00, 'TIDAK', 'TIDAK', 'BERKAHWIN', '', '', '', '', '', '', '017-3620703', 12, NULL),
(119, '678', '2022-03-21', '', 'MUHAMMAD THAQIF RAYYAN BIN MUHAMAD ASYRAF', 'LELAKI', 'BIRU', 'DC72262', 'SELANGOR', '150212-10-1176', '2022-03-21', 'MALAY', 'ISLAM', 'Malaysia', 'NO. 33, JALAN CHANTEK 5/5 OFF JALAN CHANTEK\n55100 KUALA LUMPUR\nWILAYAH PERSEKUTUAN KUALA LUMPUR', 'MUHAMAD ASYRAF BIN CHE ISMAIL', '', '013-6409747', 'JURUTERA', 5000.00, 'NURULHUDA BINTI MOHD ROSLI', '', '017-2522770', 'SURI RUMAH', 0.00, '', '', '', '', 0.00, 'TIDAK', 'TIDAK', 'BERKAHWIN', '', '', '', '', '', '', '013-6409747', 12, NULL),
(120, '679', '2022-03-21', '', 'MUHAMMAD WAFIY HILMAN BIN ROZAIDEE', 'LELAKI', 'MERAH', 'DE01450', 'KUALA LUMPUR', '150825-14-0684', '2022-03-21', 'MALAY', 'ISLAM', 'Malaysia', 'A-13-13 PANGSAPURI BUKIT BARU JALAN KERAMAT HUJUNG\n54000 KUALA LUMPUR\nWILAYAH PERSEKUTUAN KUALA LUMPUR', 'ROZAIDEE BIN RAMLI', '', '012-6323447', 'JURUTEKNIK', 2000.00, 'MAIZATUL AKMAL BINTI MAT YUSOF', '', '017-3595462', 'KERANI', 2000.00, '', '', '', '', 0.00, 'TIDAK', 'TIDAK', 'BERKAHWIN', '', '', '', '', '', '', '012-6323447', 12, NULL),
(121, '680', '2022-03-21', '', 'MUHAMMAD WAFIQ ZAFRAN BIN KHAIRUL AZMI', 'LELAKI', 'KUNING', 'DE01357', 'KUALA LUMPUR', '150516-14-0392', '2022-03-21', 'MALAY', 'ISLAM', 'Malaysia', 'NO. 22A, LORONG 3 KAMPUNG DESA PAHLAWAN\n55100 KUALA LUMPUR\nWILAYAH PERSEKUTUAN KUALA LUMPUR', 'KHAIRUL AZMI BIN ZAINAL ABIDIN', '', '017-3155700', 'PEMANDU', 2500.00, 'NOR HAFIZA BINTI JAMALUDDIN', '', '017-3155700', 'SURI RUMAH', 0.00, '', '', '', '', 0.00, 'TIDAK', 'TIDAK', 'BERKAHWIN', '', '', '', '', '', '', '017-3155700', 12, NULL),
(122, '681', '2022-03-21', '', 'NIK AISYA QAISARAH BINTI NIK KAMARULZAMAN', 'PEREMPUAN', 'HIJAU', 'DC72263', 'KUALA LUMPUR', '150129-14-0137', '2022-03-21', 'MALAY', 'ISLAM', 'Malaysia', 'NO. 23, JALAN SETIAWANGSA 2A TAMAN SETIAWANGSA\n54200 KUALA LUMPUR\nWILAYAH PERSEKUTUAN KUALA LUMPUR', 'NIK KAMARULZAMAN BIN NIK IBRAHIM', '', '019-3363303', 'PEGAWAI BANK', 8000.00, 'ROSNANI BINTI ABDUL RAHMAN', '', '019-2770287', 'SURI RUMAH', 0.00, '', '', '', '', 0.00, 'TIDAK', 'TIDAK', 'BERKAHWIN', '', '', '', '', '', '', '019-3363303', 12, NULL),
(123, '682', '2022-03-21', '', 'NIK RAYYAN ISKANDAR BIN NIK MOHAMAD AFFANDI', 'LELAKI', 'BIRU', 'DE01358', 'KUALA LUMPUR', '150523-14-0178', '2022-03-21', 'MALAY', 'ISLAM', 'Malaysia', 'NO 3 LORONG SETIAWANGSA 12 TAMAN SETIAWANGSA\n54200 KUALA LUMPUR\nWILAYAH PERSEKUTUAN KUALA LUMPUR', 'NIK MOHAMAD AFFANDI BIN NIK MAHMUD', '', '011-39217822', 'JURUTERA', 5000.00, 'NORAZLINA BINTI MOHAMED', '', '019-6695279', 'PENGURUS', 5000.00, '', '', '', '', 0.00, 'TIDAK', 'TIDAK', 'BERKAHWIN', '', '', '', '', '', '', '011-39217822', 12, NULL),
(124, '683', '2022-03-21', '', 'NOOR AIRIS INSYIRAH BINTI NOOR AZMI', 'PEREMPUAN', 'MERAH', 'DE01359', 'KUALA LUMPUR', '150523-14-0157', '2022-03-21', 'MALAY', 'ISLAM', 'Malaysia', 'NO 12A, JALAN AU 1A/4C TAMAN KERAMAT PERMAI\n54200 KUALA LUMPUR\nWILAYAH PERSEKUTUAN KUALA LUMPUR', 'NOOR AZMI BIN AHMAD', '', '019-3693738', 'JURUTERA', 4000.00, 'NORLIZA BINTI MOHAMED', '', '019-3693738', 'GURU', 4000.00, '', '', '', '', 0.00, 'TIDAK', 'TIDAK', 'BERKAHWIN', '', '', '', '', '', '', '019-3693738', 12, NULL),
(125, '684', '2022-03-21', '', 'NUR ALEESYA AZ-ZAHRA BINTI ABDULLAH', 'PEREMPUAN', 'KUNING', 'DE01360', 'KUALA LUMPUR', '150523-14-0695', '2022-03-21', 'MALAY', 'ISLAM', 'Malaysia', 'NO. 22A, LORONG 3 KAMPUNG DESA PAHLAWAN\n55100 KUALA LUMPUR\nWILAYAH PERSEKUTUAN KUALA LUMPUR', 'ABDULLAH BIN ABDUL RAHMAN', '', '012-3200742', 'PEMANDU', 2500.00, 'SITI HAJAR BINTI SAIDIN', '', '017-3155700', 'SURI RUMAH', 0.00, '', '', '', '', 0.00, 'TIDAK', 'TIDAK', 'BERKAHWIN', '', '', '', '', '', '', '012-3200742', 12, NULL),
(126, '685', '2022-03-21', '', 'NUR ALISHA IMANI BINTI MOHD FIRDAUS', 'PEREMPUAN', 'HIJAU', 'DE01451', 'KUALA LUMPUR', '150927-14-0239', '2022-03-21', 'MALAY', 'ISLAM', 'Malaysia', 'NO 3 LORONG SETIAWANGSA 12 TAMAN SETIAWANGSA\n54200 KUALA LUMPUR\nWILAYAH PERSEKUTUAN KUALA LUMPUR', 'MOHD FIRDAUS BIN ABDUL RAHMAN', '', '017-3200742', 'JURUTERA', 5000.00, 'NORAZLINA BINTI MOHAMED', '', '019-6695279', 'PENGURUS', 5000.00, '', '', '', '', 0.00, 'TIDAK', 'TIDAK', 'BERKAHWIN', '', '', '', '', '', '', '017-3200742', 12, NULL),
(127, '686', '2022-03-21', '', 'NUR AMANI ZAHRA BINTI ZULKIFLI', 'PEREMPUAN', 'BIRU', 'DE01452', 'KUALA LUMPUR', '150813-14-0673', '2022-03-21', 'MALAY', 'ISLAM', 'Malaysia', 'NO 3 LORONG KERAMAT 1\n54000 KUALA LUMPUR\nWILAYAH PERSEKUTUAN KUALA LUMPUR', 'ZULKIFLI BIN ABDULLAH', '', '017-3199672', 'JURUTERA', 4200.00, 'NOORATIKAH BINTI RAZALI', '', '012-2422502', 'EKSEKUTIF', 3000.00, '', '', '', '', 0.00, 'TIDAK', 'TIDAK', 'BERKAHWIN', '', '', '', '', '', '', '017-3199672', 12, NULL),
(128, '687', '2022-03-21', '', 'NUR AWLIYA MIKAYLA BINTI MOHD FAZLI', 'PEREMPUAN', 'MERAH', 'DC72264', 'KUALA LUMPUR', '150121-14-0995', '2022-03-21', 'MALAY', 'ISLAM', 'Malaysia', 'NO 36 LORONG KERAMAT 1 KAMPUNG DATUK KERAMAT\n54000 KUALA LUMPUR\nWILAYAH PERSEKUTUAN KUALA LUMPUR', 'MOHD FAZLI BIN ABDUL RAHMAN', '', '017-3199042', 'PEMANDU', 3000.00, 'SITI MURNI BINTI SAADON', '', '017-3199042', 'SURI RUMAH', 0.00, '', '', '', '', 0.00, 'TIDAK', 'TIDAK', 'BERKAHWIN', '', '', '', '', '', '', '017-3199042', 12, NULL),
(129, '688', '2022-03-21', '', 'NUR IMAN ZULAIKHA BINTI ABDUL RAHMAN', 'PEREMPUAN', 'KUNING', 'DC72265', 'SELANGOR', '150130-10-1795', '2022-03-21', 'MALAY', 'ISLAM', 'Malaysia', 'NO 12 BLOK A FLAT PKNS JALAN ENGGANG TAMAN KERAMAT\n54200 KUALA LUMPUR\nWILAYAH PERSEKUTUAN KUALA LUMPUR', 'ABDUL RAHMAN BIN ABDULLAH', '', '011-15777649', 'PELUKIS PELAN', 2500.00, 'NOOR ASHIKIN BINTI ISHAK', '', '017-3820242', 'SURI RUMAH', 0.00, '', '', '', '', 0.00, 'TIDAK', 'TIDAK', 'BERKAHWIN', '', '', '', '', '', '', '011-15777649', 12, NULL),
(130, '689', '2022-03-21', '', 'NUR QISYA AMANI BINTI MOHAMAD AZLAN', 'PEREMPUAN', 'HIJAU', 'DE01361', 'KUALA LUMPUR', '150727-14-0725', '2022-03-21', 'MALAY', 'ISLAM', 'Malaysia', 'NO. 7 LORONG SETIAWANGSA 12 TAMAN SETIAWANGSA\n54200 KUALA LUMPUR\nWILAYAH PERSEKUTUAN KUALA LUMPUR', 'MOHAMAD AZLAN BIN ABDULLAH', '', '017-3200742', 'KERJA SENDIRI', 1500.00, 'NORAZLIN BINTI MOHAMED', '', '011-11956570', 'KERJA SENDIRI', 1500.00, '', '', '', '', 0.00, 'TIDAK', 'TIDAK', 'BERKAHWIN', '', '', '', '', '', '', '017-3200742', 12, NULL),
(131, '26', '2022-03-21', 'TIADA', 'QASEH HANNAN BINTI ROSLAN SHAH', 'PEREMPUAN', 'KUNING', 'DE01449', 'KUALA LUMPUR', '150616-14-0954', '2022-03-21', 'MALAY', 'ISLAM', 'Malaysia', 'NO 134, JALAN ENGGANG, TAMAN KERAMAT, 54200,KUALA LUMPUR', 'ROSLAN SHAH BIN HARIP SHAH', '821218145973', '123599394', 'AKAUNTAN', 5000.00, 'FARAH WAHIDA BINTI ADNAN', '820901075426', '125619980', 'GURU', 5452.35, '', '', '', '', 0.00, 'TIDAK', 'TIDAK', 'BERKAHWIN', '', '', '', '', '', '', '123599394', 11, NULL),
(132, '27', '2022-03-21', 'TIADA', 'SITI KHADIJAH BINTI ARIFUDDIN', 'PEREMPUAN', 'MERAH', 'DE01450', 'KUALA LUMPUR', '151026-14-0860', '2022-03-21', 'MALAY', 'ISLAM', 'Malaysia', 'NO 36, JALAN WANGSA MURNI 1 WANGSA MELAWATI, 53300, KUALA LUMPUR', 'ARIFUDDIN BIN SHAHARUDDIN', '830530145973', '122396346', 'JURUTERA', 5000.00, 'FAZILLAH BINTI JAMALUDIN', '840810145426', '122396346', 'PENGURUS', 7500.00, '', '', '', '', 0.00, 'TIDAK', 'TIDAK', 'BERKAHWIN', '', '', '', '', '', '', '122396346', 11, NULL),
(133, '28', '2022-03-21', 'TIADA', 'SITI NUR QAIRINA BINTI MOHD SHAFIEE', 'PEREMPUAN', 'BIRU', 'DC72266', 'KUALA LUMPUR', '150313-14-0672', '2022-03-21', 'MALAY', 'ISLAM', 'Malaysia', 'L10-06, RESIDENSI GURNEYMAS NO 1, JALAN BUKIT KERAMAT,54000, KUALA LUMPUR', 'MOHD SHAFIEE BIN OTHMAN', '820121145973', '122960844', 'JURUTEKNIK', 2000.00, 'SITI HAJAR BINTI OTHMAN', '840121145426', '122960844', 'SURI RUMAH', 0.00, '', '', '', '', 0.00, 'TIDAK', 'TIDAK', 'BERKAHWIN', '', '', '', '', '', '', '122960844', 11, NULL),
(134, '29', '2022-03-21', 'TIADA', 'SITI ZULAIKHA BINTI AHMAD FAHMI', 'PEREMPUAN', 'HIJAU', 'DE01353', 'SELANGOR', '150722-10-1855', '2022-03-21', 'MALAY', 'ISLAM', 'Malaysia', 'NO 7, JALAN AU 2A,TAMAN SRI KERAMAT 54200, KUALA LUMPUR', 'AHMAD FAHMI BIN ABU BAKAR', '820712145973', '173200742', 'JURUTERA', 5000.00, 'NURUL ADLINA BINTI ABD AZIZ', '810228115344', '169764746', 'PEGAWAI TADBIR & DIPLOMATIK', 12100.00, '', '', '', '', 0.00, 'TIDAK', 'TIDAK', 'BERKAHWIN', '', '', '', '', '', '', '173200742', 11, NULL),
(135, '30', '2022-03-21', 'TIADA', 'SYAFIQAH NADHIRAH BINTI SYAMSUL BAHRI', 'PEREMPUAN', 'KUNING', 'DC72258', 'KUALA LUMPUR', '150220-14-0243', '2022-03-21', 'MALAY', 'ISLAM', 'Malaysia', 'NO 12A, JALAN AU 1A/4C TAMAN KERAMAT PERMAI, 54200, KUALA LUMPUR', 'SYAMSUL BAHRI BIN AHMAD', '820220145973', '193693738', 'JURUTERA', 4000.00, 'NORLIZA BINTI MOHAMED', '830220145426', '193693738', 'GURU', 4000.00, '', '', '', '', 0.00, 'TIDAK', 'TIDAK', 'BERKAHWIN', '', '', '', '', '', '', '193693738', 11, NULL),
(136, '31', '2022-03-21', 'TIADA', 'WAN AISYAH SOFEA BINTI WAN YUSUFF', 'PEREMPUAN', 'MERAH', 'DE01446', 'SELANGOR', '150922-10-1860', '2022-03-21', 'MALAY', 'ISLAM', 'Malaysia', 'A26-08 RESIDENSI WANGSA MAS, JALAN WANGSA DELIMA 7 WANGSA MAJU, KUALA LUMPUR', 'WAN YUSUFF BIN W ISHAK', '820922145973', '145527049', 'PEGAWAI HAL EHWAL', 7000.00, 'SUWAIBAH BINTI ROMLI', '820922145426', '173776398', 'PEGAWAI TADBIR', 7000.00, '', '', '', '', 0.00, 'TIDAK', 'TIDAK', 'BERKAHWIN', '', '', '', '', '', '', '145527049', 11, NULL),
(137, '34', '2022-03-21', 'TIADA', 'ZAYD HARITHAH BIN ZAKARIA', 'LELAKI', 'KUNING', 'DC72259', 'KUALA LUMPUR', '150227-14-0717', '2022-03-21', 'MALAY', 'ISLAM', 'Malaysia', 'KONDOMINIUM EMERALD A-2-04 BLOK A, JALAN PUNCAK BUKIT INDAH 2, TAMAN BUKIT INDAH, 68000 AMPANG SELANGOR', 'ZAKARIA BIN ABDULLAH', '820227145973', '1222805325', 'PENGURUS', 7000.00, 'SHARIFAH BINTI AHMAD', '830227145426', '1222805325', 'SURI RUMAH', 0.00, '', '', '', '', 0.00, 'TIDAK', 'TIDAK', 'BERKAHWIN', '', '', '', '', '', '', '1222805325', 11, NULL),
(138, '35', '2022-03-21', 'TIADA', 'ZULFAKAR BIN ZULKEFLI', 'LELAKI', 'MERAH', 'DE01355', 'KUALA LUMPUR', '150727-14-0726', '2022-03-21', 'MALAY', 'ISLAM', 'Malaysia', 'BLOK G-08-02, KUARTERS DESA SETIA WIRA JALAN BUKU LIMA KG DATO KERAMAT, KUALA LUMPUR', 'ZULKEFLI BIN ABDULLAH', '820727145973', '1121026367', 'TENTERA', 3459.00, 'NOR SHAHIDATUL AKMAL BINTI MANSOR', '830727145426', '183845723', 'LAIN-LAIN', 2778.00, '', '', '', '', 0.00, 'TIDAK', 'TIDAK', 'BERKAHWIN', '', '', '', '', '', '', '1121026367', 11, NULL),
(139, '36', '2022-03-21', 'TIADA', 'ZULHILMI BIN ZAINAL', 'LELAKI', 'BIRU', 'DE01356', 'PUTRAJAYA', '150510-16-0159', '2022-03-21', 'MALAY', 'ISLAM', 'Malaysia', 'NO 10 JALAN RAJA UDA KAMPUNG BARU, KUALA LUMPUR', 'ZAINAL BIN ABU BAKAR', '820510145973', '197132127', 'PENGURUS KEWANGAN', 3500.00, 'EMILIA HARTINI BT ABDUL PATAH', '830510145426', '126644775', 'GURU', 3500.00, '', '', '', '', 0.00, 'TIDAK', 'TIDAK', 'BERKAHWIN', '', '', '', '', '', '', '197132127', 11, NULL),
(140, '37', '2022-03-21', 'TIADA', 'ZUNAIRAH BINTI ZULKIFLI', 'PEREMPUAN', 'HIJAU', 'DC72260', 'KUALA LUMPUR', '150121-14-0997', '2022-03-21', 'MALAY', 'ISLAM', 'Malaysia', 'NO14F JALAN REJANG 9 TAMAN SETAPAK JAYA, 53300, KUALA LUMPUR', 'ZULKIFLI BIN AHMAD', '820121145973', '175161517', 'PEMANDU', 2800.00, 'NOOR HAZWANI BINTI KHALID', '830121145426', '182998256', 'LAIN-LAIN', 2800.00, '', '', '', '', 0.00, 'TIDAK', 'TIDAK', 'BERKAHWIN', '', '', '', '', '', '', '175161517', 11, NULL),
(141, '23', '2022-03-21', '', 'NUR RAISYA BINTI MUHAMMAD NOOR', 'PEREMPUAN', 'HIJAU', 'DE01240', 'KUALA LUMPUR', '150608-14-0460', '2022-03-21', 'MALAY', 'ISLAM', 'Malaysia', 'A-12-11 PANGSAPURI BUKIT BARU', 'MUHAMMAD NOOR BIN SIRAJUDIN', '811120145781', '129803429', 'PEMANDU', 3300.00, 'SAMSIYA BINTI HOSIEN', '830824145230', '129700062', 'KERANI', 3600.00, '', '', '', '', 0.00, 'TIDAK', 'TIDAK', 'BERKAHWIN', '', '', '', '', '', '', '129803429', 10, NULL),
(142, '24', '2022-03-21', '', 'RASYIDAH HUSNA BINTI RIZAL', 'PEREMPUAN', 'BIRU', 'DF35991', 'KUALA LUMPUR', '151230-14-0462', '2022-03-21', 'MALAY', 'ISLAM', 'Malaysia', '12 JALAN 7/1 TAMAN TAR', 'RIZAL BIN ABDUL MANAF', '780324145723', '122008434', 'PENGURUS', 15000.00, 'FATMAH BINTI ABDUL GHANI', '820715145324', '122008434', 'SURI RUMAH', 0.00, '', '', '', '', 0.00, 'TIDAK', 'TIDAK', 'BERKAHWIN', '', '', '', '', '', '', '122008434', 10, NULL),
(143, '25', '2022-03-21', '', 'SITI AISYAH HUMAIRAH BINTI SHAHRUL', 'PEREMPUAN', 'MERAH', 'DC68028', 'KUALA LUMPUR', '150119-14-0156', '2022-03-21', 'MALAY', 'ISLAM', 'Malaysia', '3, JALAN AU 1B/1, TAMAN KERAMAT PERMAI, 54200 KUALA LUMPUR', 'SHAHRUL BIN SAMSURI', '840317145791', '172302324', 'JURUTEKNIK', 2000.00, 'NOR FARHANA BINTI ABDUL RAHIM', '850212145322', '126742032', 'KERANI', 1800.00, '', '', '', '', 0.00, 'TIDAK', 'TIDAK', 'BERKAHWIN', '', '', '', '', '', '', '172302324', 10, NULL),
(144, '1011', '2020-02-01', 'TADIKA ISLAM, MAIWP', 'Md Jubayer', 'Male', 'MERAH', 'CU87937', 'KUALA LUMPUR', '130118-10-1583', '2020-02-01', 'MALAY', 'ISLAM', 'Malaysia', '7 CHANGKAT KERAMAT HUJUNG KG DATUK KERAMAT, KL', 'ABDUL NAGIB BIN ABDUL WAHAB', '', '012-8282719', 'JURUTERA', 4500.00, 'ZAITUN BINTI MD ALI', '', '176543921', 'TIDAK BEKERJA / SURI RUMAH', 0.00, '', '', '', '', 0.00, 'TIDAK', 'TIDAK', 'BERKAHWIN', 'TUNAS KEDET REMAJA SEKOLAH (TKRS)', 'AHLI BIASA', 'AHLI BIASA', '', 'AHLI BIASA', '', '012-8282719', 16, NULL);

-- --------------------------------------------------------

--
-- Table structure for table `student_marks`
--

CREATE TABLE `student_marks` (
  `mark_id` int(11) NOT NULL,
  `enrollment_id` int(11) NOT NULL,
  `exam_type` varchar(50) NOT NULL,
  `mark_obtained` decimal(5,2) DEFAULT NULL,
  `max_mark` decimal(5,2) DEFAULT NULL,
  `grade` varchar(5) DEFAULT NULL,
  `created_at` timestamp NULL DEFAULT current_timestamp()
) ENGINE=InnoDB DEFAULT CHARSET=utf8mb4 COLLATE=utf8mb4_unicode_ci;

--
-- Dumping data for table `student_marks`
--

INSERT INTO `student_marks` (`mark_id`, `enrollment_id`, `exam_type`, `mark_obtained`, `max_mark`, `grade`, `created_at`) VALUES
(1, 3, 'Midterm', 50.00, 100.00, 'C', '2025-12-29 04:50:58'),
(2, 6, 'Midterm', 60.00, 100.00, 'B', '2025-12-29 04:50:58');

-- --------------------------------------------------------

--
-- Table structure for table `student_subject_enrollment`
--

CREATE TABLE `student_subject_enrollment` (
  `enrollment_id` int(11) NOT NULL,
  `student_id` int(11) NOT NULL,
  `subject_id` int(11) NOT NULL,
  `class_id` int(11) DEFAULT NULL,
  `enrollment_date` timestamp NULL DEFAULT current_timestamp()
) ENGINE=InnoDB DEFAULT CHARSET=utf8mb4 COLLATE=utf8mb4_unicode_ci;

--
-- Dumping data for table `student_subject_enrollment`
--

INSERT INTO `student_subject_enrollment` (`enrollment_id`, `student_id`, `subject_id`, `class_id`, `enrollment_date`) VALUES
(1, 112, 25, 11, '2025-12-25 23:54:42'),
(2, 112, 26, 11, '2025-12-25 23:54:42'),
(3, 112, 9, 11, '2025-12-25 23:54:42'),
(4, 113, 25, 11, '2025-12-25 23:54:42'),
(5, 113, 26, 11, '2025-12-25 23:54:42'),
(6, 113, 9, 11, '2025-12-25 23:54:42'),
(7, 131, 25, 11, '2025-12-25 23:54:42'),
(8, 131, 26, 11, '2025-12-25 23:54:42'),
(9, 131, 9, 11, '2025-12-25 23:54:42'),
(10, 132, 25, 11, '2025-12-25 23:54:42'),
(11, 132, 26, 11, '2025-12-25 23:54:42'),
(12, 132, 9, 11, '2025-12-25 23:54:42'),
(13, 133, 25, 11, '2025-12-25 23:54:42'),
(14, 133, 26, 11, '2025-12-25 23:54:42'),
(15, 133, 9, 11, '2025-12-25 23:54:42'),
(16, 134, 25, 11, '2025-12-25 23:54:42'),
(17, 134, 26, 11, '2025-12-25 23:54:42'),
(18, 134, 9, 11, '2025-12-25 23:54:42'),
(19, 135, 25, 11, '2025-12-25 23:54:42'),
(20, 135, 26, 11, '2025-12-25 23:54:42'),
(21, 135, 9, 11, '2025-12-25 23:54:42'),
(22, 136, 25, 11, '2025-12-25 23:54:42'),
(23, 136, 26, 11, '2025-12-25 23:54:42'),
(24, 136, 9, 11, '2025-12-25 23:54:42'),
(25, 137, 25, 11, '2025-12-25 23:54:42'),
(26, 137, 26, 11, '2025-12-25 23:54:42'),
(27, 137, 9, 11, '2025-12-25 23:54:42'),
(28, 138, 25, 11, '2025-12-25 23:54:42'),
(29, 138, 26, 11, '2025-12-25 23:54:42'),
(30, 138, 9, 11, '2025-12-25 23:54:42'),
(31, 139, 25, 11, '2025-12-25 23:54:42'),
(32, 139, 26, 11, '2025-12-25 23:54:42'),
(33, 139, 9, 11, '2025-12-25 23:54:42'),
(34, 140, 25, 11, '2025-12-25 23:54:42'),
(35, 140, 26, 11, '2025-12-25 23:54:42'),
(36, 140, 9, 11, '2025-12-25 23:54:42');

-- --------------------------------------------------------

--
-- Table structure for table `student_transfers`
--

CREATE TABLE `student_transfers` (
  `transfer_id` int(11) NOT NULL,
  `student_id` int(11) NOT NULL,
  `from_class_id` int(11) NOT NULL,
  `to_class_id` int(11) NOT NULL,
  `status` enum('pending','approved','rejected') DEFAULT 'pending',
  `request_date` timestamp NOT NULL DEFAULT current_timestamp()
) ENGINE=InnoDB DEFAULT CHARSET=utf8mb4 COLLATE=utf8mb4_general_ci;

-- --------------------------------------------------------

--
-- Table structure for table `subjects`
--

CREATE TABLE `subjects` (
  `subject_id` int(11) NOT NULL,
  `subject_name` varchar(100) NOT NULL,
  `subject_code` varchar(20) DEFAULT NULL,
  `class_id` int(11) DEFAULT NULL
) ENGINE=InnoDB DEFAULT CHARSET=utf8mb4 COLLATE=utf8mb4_unicode_ci;

--
-- Dumping data for table `subjects`
--

INSERT INTO `subjects` (`subject_id`, `subject_name`, `subject_code`, `class_id`) VALUES
(1, 'BM-1USM', 'BAHASA MELAYU', NULL),
(2, 'BI-1USM', 'BAHASA INGGERIS', NULL),
(3, 'MATH-1USM', 'MATEMATIK', NULL),
(4, 'SC-1USM', 'SAINS', NULL),
(5, 'PAI-1USM', 'PENDIDIKAN ISLAM', NULL),
(6, 'BAHASA MELAYU', 'BM-1USM', NULL),
(7, 'BAHASA INGGERIS', 'BI-1USM', NULL),
(8, 'MATEMATIK', 'MATH-1USM', NULL),
(9, 'SAINS', 'SC-1USM-4UPM', 11),
(10, 'PENDIDIKAN ISLAM', 'PAI-1USM', NULL),
(11, 'PENDIDIKAN JASMANI DAN PENDIDIKAN KESIHATAN (PJPK)', 'PEN-1USM', NULL),
(12, 'BAHASA ARAB', 'BA-1USM', NULL),
(13, 'SEJARAH', 'SEJ-1USM', NULL),
(14, 'REKA BENTUK TEKNOLOGI (RBT)', 'REK-1USM', NULL),
(15, 'MATAPELAJARAN', 'MAT-1USM', NULL),
(16, 'AL-QURAN', 'QURAN-1USM', NULL),
(17, 'AKIDAH/TAUHID', 'AKI-1USM', NULL),
(18, 'IBADAH/FEQAH', 'IBA-1USM', NULL),
(19, 'TAJWID', 'TAJ-1USM', NULL),
(20, 'SIRAH', 'SIRAH-1USM', NULL),
(21, 'JAWI & KHAT', 'JAW-1USM', NULL),
(22, 'KHAT (TAHUN 6)', 'KHA-1USM', NULL),
(23, 'HADIS', 'HAD-1USM', NULL),
(24, 'ADAB/AKHLAK', 'ADA-1USM', 9),
(25, 'AKIDAH/TAUHID', 'AKI-1USM-4UPM', 11),
(26, 'AL-QURAN', 'QURAN-1USM-4UPM', 11),
(27, 'PENDIDIKAN ISLAM', 'PAI-1USM-1UKM', 3),
(28, 'PENDIDIKAN JASMANI DAN PENDIDIKAN KESIHATAN (PJPK)', 'PEN-1USM-1UKM', 3);

-- --------------------------------------------------------

--
-- Table structure for table `subject_teachers`
--

CREATE TABLE `subject_teachers` (
  `id` int(11) NOT NULL,
  `subject_id` int(11) NOT NULL,
  `teacher_id` int(11) NOT NULL
) ENGINE=InnoDB DEFAULT CHARSET=utf8mb4 COLLATE=utf8mb4_general_ci;

--
-- Dumping data for table `subject_teachers`
--

INSERT INTO `subject_teachers` (`id`, `subject_id`, `teacher_id`) VALUES
(1, 9, 41),
(2, 9, 40),
(3, 25, 41),
(4, 24, 29),
(5, 27, 37);

-- --------------------------------------------------------

--
-- Table structure for table `users`
--

CREATE TABLE `users` (
  `user_id` int(11) NOT NULL,
  `username` varchar(50) NOT NULL,
  `password` varchar(255) NOT NULL,
  `full_name` varchar(100) NOT NULL,
  `role` enum('admin','class_teacher','subject_teacher') NOT NULL,
  `created_at` timestamp NULL DEFAULT current_timestamp(),
  `avatar` varchar(255) DEFAULT NULL,
  `ic_no` varchar(50) DEFAULT NULL,
  `teacher_id_no` varchar(50) DEFAULT NULL,
  `phone` varchar(20) DEFAULT NULL,
  `teaching_subjects` text DEFAULT NULL
) ENGINE=InnoDB DEFAULT CHARSET=utf8mb4 COLLATE=utf8mb4_unicode_ci;

--
-- Dumping data for table `users`
--

INSERT INTO `users` (`user_id`, `username`, `password`, `full_name`, `role`, `created_at`, `avatar`, `ic_no`, `teacher_id_no`, `phone`, `teaching_subjects`) VALUES
(10, 'admin', '$2y$10$.E1S150riokivbIpmRInmOR3FFuQXUKhWiVzI/HS6INdV1YjbObLi', 'Super Admin', 'admin', '2025-12-08 14:15:31', NULL, NULL, NULL, NULL, NULL),
(22, 'arifah', '$2y$10$NsTFI9iSipPYx.fxh4FHS.fsDkr9nMB22IP5ec/iaDIu0slmLGcyK', 'ARIFAH ADLINA BINTI RASHAHAN', 'class_teacher', '2025-12-25 22:07:51', NULL, '000000-00-0000', 'T-001', '123456789', NULL),
(23, 'nurul.asst', '$2y$10$BPaHJn8vdP7r5n7dQGriT..th8225XHpU91L/sQ6iny0rQtV5AJ9O', 'NURUL HUDA BINTI MISBAHKHUL MUNIR', 'subject_teacher', '2025-12-25 22:07:51', NULL, '000000-00-0000', 'T-002', '123456789', NULL),
(24, 'hayatunnisa', '$2y$10$IZCfyDJUP/awdHweONdeGe5F3kCsm.kdahMqH7X51AcowH8xdDVq.', 'HAYATUN\'NISA BINTI ROHIZANI', 'class_teacher', '2025-12-25 22:07:51', NULL, '000000-00-0000', 'T-003', '123456789', NULL),
(25, 'zurina.asst', '$2y$10$Th8yutUoWZf/1N227MXhvOgTaUzP.h.LP4TwOvFqn6flNz4p5v9FO', 'ZURINA BINTI ISMAIL', 'subject_teacher', '2025-12-25 22:07:51', NULL, '000000-00-0000', 'T-004', '123456789', NULL),
(26, 'ruslinda', '$2y$10$Xf6Z7d6UFX9YMYWlVUWVPOI7raBpVFX.ZCGg4Alnl4OLbBfIoW/Ca', 'RUSLINDA BINTI SENAPI', 'class_teacher', '2025-12-25 22:07:51', NULL, '000000-00-0000', 'T-005', '123456789', NULL),
(27, 'nur.asst', '$2y$10$5hRwl1kPxzO2ISAShL85A.DEoO0ej141WHeD/XJxMoMtN8F2aZm9m', 'NUR NABILAH BINTI CHE MANSOR', 'subject_teacher', '2025-12-25 22:07:51', NULL, '000000-00-0000', 'T-006', '123456789', NULL),
(28, 'siti', '$2y$10$ixxRF/Jk5rZ.aQkBx3g8Q.YFdKo/E/FT9B6p4FIEk4YiUxsp4NNY.', 'SITI MAISARAH BINTI MOHD AZIZ', 'class_teacher', '2025-12-25 22:07:51', NULL, '000000-00-0000', 'T-007', '123456789', NULL),
(29, 'aslindawati.asst', '$2y$10$GcYzwPIRxrL5tTEzB2bSlOqUzUKSU.z5ozSVZIIl0iDcKleNmREsq', 'ASLINDAWATI BINTI KAMALUDIN', 'subject_teacher', '2025-12-25 22:07:51', NULL, '000000-00-0000', 'T-008', '123456789', NULL),
(30, 'lawiyah', '$2y$10$xOmtx.ZbSDT9miBADM1tjumkjrmMHmncqvE.M/fwcmSonVlqMMZ72', 'LAWIYAH BINTI ISMAIL', 'class_teacher', '2025-12-25 22:07:51', NULL, '000000-00-0000', 'T-009', '123456789', NULL),
(31, 'hilda.asst', '$2y$10$B7hK1R.zlyJpoxBB8xjxS.Qn.T0BdsI.wl9xkBBuvKbHyRiWCtzsW', 'HILDA BINTI MAT ADAM', 'subject_teacher', '2025-12-25 22:07:51', NULL, '000000-00-0000', 'T-010', '123456789', NULL),
(32, 'nurul', '$2y$10$Jsf4U7JyNA0pn3Aa04rG2eLJFT.MV0mk6EQGq3NL1yBl5YAHfIeJO', 'NURUL \'AYUNI BINTI MOHD', 'class_teacher', '2025-12-25 22:07:51', NULL, '000000-00-0000', 'T-011', '123456789', NULL),
(33, 'zulkeflee.asst', '$2y$10$1Tl09khxinyVB9k3TYMTyehCNP.onUnPm8KE7Z7kfp.gOLW7rrqbi', 'ZULKEFLEE BIN MOHAMED', 'subject_teacher', '2025-12-25 22:07:51', NULL, '000000-00-0000', 'T-012', '123456789', NULL),
(34, 'farah', '$2y$10$rAuC2JRsuXsW2dSaREISce24i1o7XqD79lfv5qnigZlEUi0uUBY.e', 'FARAH SYAMIMI BINTI MOHD SHARIF', 'class_teacher', '2025-12-25 22:07:51', NULL, '000000-00-0000', 'T-013', '123456789', NULL),
(35, 'natasya.asst', '$2y$10$cJW.xnamgOGoEacYJ2tt3ucQuz1RBEhe0.nSfo249FhhCrcOFPFpi', 'NATASYA BALQIS BINTI ZAINUDIN', 'subject_teacher', '2025-12-25 22:07:51', NULL, '000000-00-0000', 'T-014', '123456789', NULL),
(36, 'norasimah', '$2y$10$LHJPB/77TgYqgvceftPfr.QuiOhldFezOhgFuRaRlHwoyKuP5orDu', 'NORASIMAH BINTI LAMASE', 'class_teacher', '2025-12-25 22:07:51', NULL, '000000-00-0000', 'T-015', '123456789', NULL),
(37, 'amir.asst', '$2y$10$KiWGqavWzH3xHt6mzBrLfu.5P6Os5LuNXRhmh46waJYebJ/wDabAW', 'AMIR MUZZAFFAR BIN MUSA', 'subject_teacher', '2025-12-25 22:07:51', NULL, '000000-00-0000', 'T-016', '123456789', NULL),
(38, 'nur', '$2y$10$JCGIUpDJQYal.gDvAv5BPezYmiKKASGf1A0eC2.s3KUeqLa1MsN1u', 'NUR ATIKAH BINTI MOHD ASRI', 'class_teacher', '2025-12-25 22:07:51', NULL, '000000-00-0000', 'T-017', '123456789', NULL),
(39, 'siti.asst', '$2y$10$LF4o.G9RCkGTnK7lhJq4OO0Xebi/ZQ2Old4gcu8dDKf2mMznC3Bki', 'SITI ZALEKHA BINTI ZAKARIA', 'subject_teacher', '2025-12-25 22:07:51', NULL, '000000-00-0000', 'T-018', '123456789', NULL),
(40, 'suziyati', '$2y$10$3yZbkae.lcw/UnklG71V7Oux152nsmce/nr662GVtVbxlF981cDfy', 'SUZIYATI BINTI ABDUL RAHMAN', 'class_teacher', '2025-12-25 22:07:52', NULL, '000000-00-0000', 'T-019', '123456789', NULL),
(41, 'ahmad.asst', '$2y$10$nyOUfX4iTMEgNKnl7.0rUe.uVNN3ghzHXp7AVVghXMhI3C14HGW/2', 'AHMAD IRFAN HAMDANI BIN AHMAD SAIFUDDIN', 'subject_teacher', '2025-12-25 22:07:52', NULL, '000000-00-0000', 'T-020', '123456789', NULL),
(42, 'nursuryati', '$2y$10$VdQ6UhfRZDlzR8NcfXCMgO5.PbE4kKNi6mYpS.mIkznlU7Dkep3dm', 'NURSURYATI BINTI SHA\'ABAN', 'class_teacher', '2025-12-25 22:07:52', NULL, '000000-00-0000', 'T-021', '123456789', NULL),
(43, 'muhammad.asst', '$2y$10$fBgyDCLwPd.7XHb6sgA/a.Hzqg3UZZ1gZ/aJ2obyMzJ2JUkb2nT3S', 'MUHAMMAD DZULHILMI BIN JAMAL', 'subject_teacher', '2025-12-25 22:07:52', NULL, '000000-00-0000', 'T-022', '123456789', NULL),
(44, 'norasikin.asst', '$2y$10$Qm/KTJfmfVdcYoz6cu2uA.JxEAfT29WnNWxfEkt3vzl/hG3.yloEO', 'NORASIKIN BINTI AHMAD', 'subject_teacher', '2025-12-25 22:07:52', NULL, '000000-00-0000', 'T-023', '123456789', NULL),
(45, 'norhartini', '$2y$10$SGiruRVN.vK0i9NMjd3i/uPtTeyFDlU5KVhT1ipkM6MOaFAY8syDe', 'NORHARTINI BINTI OMAR', 'class_teacher', '2025-12-25 22:07:52', NULL, '000000-00-0000', 'T-024', '123456789', NULL),
(46, 'ezatul.asst', '$2y$10$aF.QCq.EYwcAR6FK2rlUGeCxRVPCVkYmmXgzmqEHXGhBVyRvdJiPq', 'EZATUL A\'IN ARTIKAH BINTI AMRAN', 'subject_teacher', '2025-12-25 22:07:52', NULL, '000000-00-0000', 'T-025', '123456789', NULL),
(47, 'noor', '$2y$10$4W8GQvnRdgp77rUMyxTYn.rqxrQntzFT8eRZWE1MywaAMpNB/ogEG', 'NOOR HAFISAH BINTI NOH', 'class_teacher', '2025-12-25 22:07:52', NULL, '000000-00-0000', 'T-026', '123456789', NULL),
(48, 'mohd.asst', '$2y$10$Q4pS4olo2kC16wLosekn4eYvUUwvMgN9Cj5KueLiwBYhcjmVSkiE.', 'MOHD ZULKHAIRI BIN MOHD ZUBIR', 'subject_teacher', '2025-12-25 22:07:52', NULL, '000000-00-0000', 'T-027', '123456789', NULL),
(49, 'khozaimah', '$2y$10$JMoBAppQz6YuhrvwAaR/WOuT5Zt6ulok2sHVfhJ2kfVuSqOVfuVNG', 'KHOZAIMAH BINTI RIDZUAN', 'class_teacher', '2025-12-25 22:07:52', NULL, '000000-00-0000', 'T-028', '123456789', NULL),
(50, 'mohamad.asst', '$2y$10$.9ccTh7Kk.rGctxz8jk0M.jxTYdkhMuIDFTR57BDUMhKLF.3E6j5e', 'MOHAMAD ZULL HELMIEZAN BIN BUANG', 'subject_teacher', '2025-12-25 22:07:52', NULL, '000000-00-0000', 'T-029', '123456789', NULL),
(51, 'jubayertest1', '$2y$10$09Os8PjAOXPk/ak8MAEt/.MgKMtAAv6iPeX8m4KTM5dY.U6tmWDiG', 'Md Jubayer Islam ', 'subject_teacher', '2026-01-01 11:47:52', NULL, '12345', 'Test-001', '0112172', NULL);

--
-- Indexes for dumped tables
--

--
-- Indexes for table `classes`
--
ALTER TABLE `classes`
  ADD PRIMARY KEY (`class_id`),
  ADD KEY `class_teacher_id` (`class_teacher_id`);

--
-- Indexes for table `exam_types`
--
ALTER TABLE `exam_types`
  ADD PRIMARY KEY (`exam_id`);

--
-- Indexes for table `notices`
--
ALTER TABLE `notices`
  ADD PRIMARY KEY (`notice_id`);

--
-- Indexes for table `settings`
--
ALTER TABLE `settings`
  ADD PRIMARY KEY (`setting_id`),
  ADD UNIQUE KEY `setting_key` (`setting_key`);

--
-- Indexes for table `students`
--
ALTER TABLE `students`
  ADD PRIMARY KEY (`student_id`),
  ADD KEY `class_id` (`class_id`);

--
-- Indexes for table `student_marks`
--
ALTER TABLE `student_marks`
  ADD PRIMARY KEY (`mark_id`),
  ADD KEY `enrollment_id` (`enrollment_id`);

--
-- Indexes for table `student_subject_enrollment`
--
ALTER TABLE `student_subject_enrollment`
  ADD PRIMARY KEY (`enrollment_id`),
  ADD UNIQUE KEY `student_id` (`student_id`,`subject_id`),
  ADD KEY `subject_id` (`subject_id`),
  ADD KEY `class_id` (`class_id`);

--
-- Indexes for table `student_transfers`
--
ALTER TABLE `student_transfers`
  ADD PRIMARY KEY (`transfer_id`),
  ADD KEY `student_id` (`student_id`),
  ADD KEY `from_class_id` (`from_class_id`),
  ADD KEY `to_class_id` (`to_class_id`);

--
-- Indexes for table `subjects`
--
ALTER TABLE `subjects`
  ADD PRIMARY KEY (`subject_id`),
  ADD UNIQUE KEY `subject_code` (`subject_code`),
  ADD KEY `class_id` (`class_id`);

--
-- Indexes for table `subject_teachers`
--
ALTER TABLE `subject_teachers`
  ADD PRIMARY KEY (`id`),
  ADD KEY `subject_id` (`subject_id`),
  ADD KEY `teacher_id` (`teacher_id`);

--
-- Indexes for table `users`
--
ALTER TABLE `users`
  ADD PRIMARY KEY (`user_id`),
  ADD UNIQUE KEY `username` (`username`);

--
-- AUTO_INCREMENT for dumped tables
--

--
-- AUTO_INCREMENT for table `classes`
--
ALTER TABLE `classes`
  MODIFY `class_id` int(11) NOT NULL AUTO_INCREMENT, AUTO_INCREMENT=17;

--
-- AUTO_INCREMENT for table `exam_types`
--
ALTER TABLE `exam_types`
  MODIFY `exam_id` int(11) NOT NULL AUTO_INCREMENT;

--
-- AUTO_INCREMENT for table `notices`
--
ALTER TABLE `notices`
  MODIFY `notice_id` int(11) NOT NULL AUTO_INCREMENT;

--
-- AUTO_INCREMENT for table `settings`
--
ALTER TABLE `settings`
  MODIFY `setting_id` int(11) NOT NULL AUTO_INCREMENT, AUTO_INCREMENT=6;

--
-- AUTO_INCREMENT for table `students`
--
ALTER TABLE `students`
  MODIFY `student_id` int(11) NOT NULL AUTO_INCREMENT, AUTO_INCREMENT=146;

--
-- AUTO_INCREMENT for table `student_marks`
--
ALTER TABLE `student_marks`
  MODIFY `mark_id` int(11) NOT NULL AUTO_INCREMENT, AUTO_INCREMENT=3;

--
-- AUTO_INCREMENT for table `student_subject_enrollment`
--
ALTER TABLE `student_subject_enrollment`
  MODIFY `enrollment_id` int(11) NOT NULL AUTO_INCREMENT, AUTO_INCREMENT=37;

--
-- AUTO_INCREMENT for table `student_transfers`
--
ALTER TABLE `student_transfers`
  MODIFY `transfer_id` int(11) NOT NULL AUTO_INCREMENT;

--
-- AUTO_INCREMENT for table `subjects`
--
ALTER TABLE `subjects`
  MODIFY `subject_id` int(11) NOT NULL AUTO_INCREMENT, AUTO_INCREMENT=29;

--
-- AUTO_INCREMENT for table `subject_teachers`
--
ALTER TABLE `subject_teachers`
  MODIFY `id` int(11) NOT NULL AUTO_INCREMENT, AUTO_INCREMENT=6;

--
-- AUTO_INCREMENT for table `users`
--
ALTER TABLE `users`
  MODIFY `user_id` int(11) NOT NULL AUTO_INCREMENT, AUTO_INCREMENT=52;

--
-- Constraints for dumped tables
--

--
-- Constraints for table `classes`
--
ALTER TABLE `classes`
  ADD CONSTRAINT `classes_ibfk_1` FOREIGN KEY (`class_teacher_id`) REFERENCES `users` (`user_id`) ON DELETE SET NULL ON UPDATE CASCADE;

--
-- Constraints for table `students`
--
ALTER TABLE `students`
  ADD CONSTRAINT `students_ibfk_1` FOREIGN KEY (`class_id`) REFERENCES `classes` (`class_id`) ON DELETE SET NULL ON UPDATE CASCADE;

--
-- Constraints for table `student_marks`
--
ALTER TABLE `student_marks`
  ADD CONSTRAINT `student_marks_ibfk_1` FOREIGN KEY (`enrollment_id`) REFERENCES `student_subject_enrollment` (`enrollment_id`) ON DELETE CASCADE ON UPDATE CASCADE;

--
-- Constraints for table `student_subject_enrollment`
--
ALTER TABLE `student_subject_enrollment`
  ADD CONSTRAINT `student_subject_enrollment_ibfk_1` FOREIGN KEY (`student_id`) REFERENCES `students` (`student_id`) ON DELETE CASCADE ON UPDATE CASCADE,
  ADD CONSTRAINT `student_subject_enrollment_ibfk_2` FOREIGN KEY (`subject_id`) REFERENCES `subjects` (`subject_id`) ON DELETE CASCADE ON UPDATE CASCADE,
  ADD CONSTRAINT `student_subject_enrollment_ibfk_3` FOREIGN KEY (`class_id`) REFERENCES `classes` (`class_id`) ON DELETE SET NULL ON UPDATE CASCADE;

--
-- Constraints for table `student_transfers`
--
ALTER TABLE `student_transfers`
  ADD CONSTRAINT `student_transfers_ibfk_1` FOREIGN KEY (`student_id`) REFERENCES `students` (`student_id`) ON DELETE CASCADE,
  ADD CONSTRAINT `student_transfers_ibfk_2` FOREIGN KEY (`from_class_id`) REFERENCES `classes` (`class_id`),
  ADD CONSTRAINT `student_transfers_ibfk_3` FOREIGN KEY (`to_class_id`) REFERENCES `classes` (`class_id`);

--
-- Constraints for table `subjects`
--
ALTER TABLE `subjects`
  ADD CONSTRAINT `subjects_ibfk_2` FOREIGN KEY (`class_id`) REFERENCES `classes` (`class_id`) ON DELETE SET NULL ON UPDATE CASCADE;

--
-- Constraints for table `subject_teachers`
--
ALTER TABLE `subject_teachers`
  ADD CONSTRAINT `subject_teachers_ibfk_1` FOREIGN KEY (`subject_id`) REFERENCES `subjects` (`subject_id`) ON DELETE CASCADE ON UPDATE CASCADE,
  ADD CONSTRAINT `subject_teachers_ibfk_2` FOREIGN KEY (`teacher_id`) REFERENCES `users` (`user_id`) ON DELETE CASCADE ON UPDATE CASCADE;
COMMIT;

/*!40101 SET CHARACTER_SET_CLIENT=@OLD_CHARACTER_SET_CLIENT */;
/*!40101 SET CHARACTER_SET_RESULTS=@OLD_CHARACTER_SET_RESULTS */;
/*!40101 SET COLLATION_CONNECTION=@OLD_COLLATION_CONNECTION */;
